# 1 from 20; {'stratagy_params': {'avg_price_period': 5, 'channel_period': 90}, 'stratagy_posSizer_params': {'mpr': 0.1}, 'stratagy_stats': {'total': {'koefs': {'win_rate': 0.4106, 'expected_payoff': 102.949, 'expected_payoff_probability': 0.19974, 'breakeven': 0.48643, 'breakeven_tradeoff': -1.298, 'profit_factor': 1.339, 'APR': 0.02995, 'DD_pct': 8000.2299999997485, 'DD_pct_date': datetime.datetime(2024, 4, 9, 10, 10), 'DD_pct_duration': datetime.timedelta(days=64, seconds=11700), 'DD_pcr': 0.00799, 'DD_pcr_date': datetime.datetime(2024, 4, 9, 10, 10), 'DD_pcr_duration': datetime.timedelta(days=64, seconds=11700), 'APR/DD_factor': 3.748, 'recovery_factor': 1.943, 'sharp_ratio': 0.125, 'sortino_ratio': 0.157, 'var': -638.774}, 'deals_stats': {'deals_count': 151, 'deals_gross_pnl': 17416.0, 'commission': 1871.52, 'deals_pnl': 15544.480000000001, 'win_deals_count': 62, 'win_deals_gross_pnl': 62175.0, 'win_commission': 758.27, 'win_deals_pnl': 61416.729999999996, 'loss_deals_count': 89, 'loss_deals_gross_pnl': -44759.0, 'loss_commission': 1113.25, 'loss_deals_pnl': -45872.25, 'deal_pnl_avrg': 102.944, 'deals_return': 0.01554, 'deals_return_avg': 0.0001, 'win_deal_pnl_avrg': 990.592, 'loss_deal_pnl_avrg': -515.419}, 'holdings_stats': {'gross_pnl': 17416.0, 'commission': 1871.52, 'pnl': 15544.480000000003, 'duration': datetime.timedelta(days=189, seconds=35100), 'start_date': datetime.datetime(2024, 3, 14, 9, 0), 'last_bar_datetime': datetime.datetime(2024, 9, 19, 18, 45)}}, 'Si-6.24.txt': {'deals_stats': {'deals_count': 79, 'deals_gross_pnl': 9309.0, 'commission': 1284.81, 'deals_pnl': 8024.1900000000005, 'deal_pnl_avrg': 101.572, 'deals_return': 0.00802, 'deals_return_avg': 0.0001, 'win_deals_count': 31, 'win_deals_gross_pnl': 36800.0, 'win_commission': 502.3, 'win_deals_pnl': 36297.7, 'win_deal_pnl_avrg': 1170.894, 'loss_deals_count': 48, 'loss_deals_gross_pnl': -27491.0, 'loss_commission': 782.51, 'loss_deals_pnl': -28273.51, 'loss_deal_pnl_avrg': -589.031}, 'holdings_stats': {'gross_pnl': 9309.0, 'commission': 1284.81, 'pnl': 8024.190000000001}}, 'Si-9.24.txt': {'deals_stats': {'deals_count': 72, 'deals_gross_pnl': 8107.0, 'commission': 586.71, 'deals_pnl': 7520.290000000001, 'deal_pnl_avrg': 104.448, 'deals_return': 0.00755, 'deals_return_avg': 0.0001, 'win_deals_count': 31, 'win_deals_gross_pnl': 25375.0, 'win_commission': 255.97, 'win_deals_pnl': 25119.03, 'win_deal_pnl_avrg': 810.291, 'loss_deals_count': 41, 'loss_deals_gross_pnl': -17268.0, 'loss_commission': 330.74, 'loss_deals_pnl': -17598.74, 'loss_deal_pnl_avrg': -429.238}, 'holdings_stats': {'gross_pnl': 8107.0, 'commission': 586.71, 'pnl': 7520.290000000003}}}}
# 2 from 20; {'stratagy_params': {'avg_price_period': 5, 'channel_period': 90}, 'stratagy_posSizer_params': {'mpr': 0.2}, 'stratagy_stats': {'total': {'koefs': {'win_rate': 0.4106, 'expected_payoff': 194.543, 'expected_payoff_probability': 0.17861, 'breakeven': 0.43498, 'breakeven_tradeoff': -1.349, 'profit_factor': 1.303, 'APR': 0.0566, 'DD_pct': 17335.460000000196, 'DD_pct_date': datetime.datetime(2024, 4, 9, 10, 10), 'DD_pct_duration': datetime.timedelta(days=63, seconds=78300), 'DD_pcr': 0.01728, 'DD_pcr_date': datetime.datetime(2024, 4, 9, 10, 10), 'DD_pcr_duration': datetime.timedelta(days=63, seconds=78300), 'APR/DD_factor': 3.275, 'recovery_factor': 1.694, 'sharp_ratio': 0.113, 'sortino_ratio': 0.144, 'var': -1555.288}, 'deals_stats': {'deals_count': 151, 'deals_gross_pnl': 33459.0, 'commission': 4084.81, 'deals_pnl': 29374.189999999995, 'win_deals_count': 62, 'win_deals_gross_pnl': 127972.0, 'win_commission': 1658.87, 'win_deals_pnl': 126313.13, 'loss_deals_count': 89, 'loss_deals_gross_pnl': -94513.0, 'loss_commission': 2425.94, 'loss_deals_pnl': -96938.94, 'deal_pnl_avrg': 194.531, 'deals_return': 0.02937, 'deals_return_avg': 0.00019, 'win_deal_pnl_avrg': 2037.309, 'loss_deal_pnl_avrg': -1089.202}, 'holdings_stats': {'gross_pnl': 33459.0, 'commission': 4084.81, 'pnl': 29374.190000000013, 'duration': datetime.timedelta(days=189, seconds=35100), 'start_date': datetime.datetime(2024, 3, 14, 9, 0), 'last_bar_datetime': datetime.datetime(2024, 9, 19, 18, 45)}}, 'Si-6.24.txt': {'deals_stats': {'deals_count': 79, 'deals_gross_pnl': 19322.0, 'commission': 2741.62, 'deals_pnl': 16580.379999999997, 'deal_pnl_avrg': 209.878, 'deals_return': 0.01658, 'deals_return_avg': 0.00021, 'win_deals_count': 31, 'win_deals_gross_pnl': 75971.0, 'win_commission': 1077.45, 'win_deals_pnl': 74893.55, 'win_deal_pnl_avrg': 2415.921, 'loss_deals_count': 48, 'loss_deals_gross_pnl': -56649.0, 'loss_commission': 1664.17, 'loss_deals_pnl': -58313.17, 'loss_deal_pnl_avrg': -1214.858}, 'holdings_stats': {'gross_pnl': 19322.0, 'commission': 2741.62, 'pnl': 16580.380000000005}}, 'Si-9.24.txt': {'deals_stats': {'deals_count': 72, 'deals_gross_pnl': 14137.0, 'commission': 1343.19, 'deals_pnl': 12793.81, 'deal_pnl_avrg': 177.692, 'deals_return': 0.01274, 'deals_return_avg': 0.00018, 'win_deals_count': 31, 'win_deals_gross_pnl': 52001.0, 'win_commission': 581.42, 'win_deals_pnl': 51419.58, 'win_deal_pnl_avrg': 1658.696, 'loss_deals_count': 41, 'loss_deals_gross_pnl': -37864.0, 'loss_commission': 761.77, 'loss_deals_pnl': -38625.77, 'loss_deal_pnl_avrg': -942.092}, 'holdings_stats': {'gross_pnl': 14137.0, 'commission': 1343.19, 'pnl': 12793.810000000009}}}}
# 3 from 20; {'stratagy_params': {'avg_price_period': 5, 'channel_period': 90}, 'stratagy_posSizer_params': {'mpr': 0.30000000000000004}, 'stratagy_stats': {'total': {'koefs': {'win_rate': 0.4106, 'expected_payoff': 290.47, 'expected_payoff_probability': 0.1717, 'breakeven': 0.41815, 'breakeven_tradeoff': -1.366, 'profit_factor': 1.291, 'APR': 0.08452, 'DD_pct': 26245.029999999097, 'DD_pct_date': datetime.datetime(2024, 4, 9, 10, 10), 'DD_pct_duration': datetime.timedelta(days=63, seconds=75900), 'DD_pcr': 0.02613, 'DD_pcr_date': datetime.datetime(2024, 4, 9, 10, 10), 'DD_pcr_duration': datetime.timedelta(days=63, seconds=75900), 'APR/DD_factor': 3.235, 'recovery_factor': 1.671, 'sharp_ratio': 0.11, 'sortino_ratio': 0.139, 'var': -2439.856}, 'deals_stats': {'deals_count': 151, 'deals_gross_pnl': 50207.0, 'commission': 6348.83, 'deals_pnl': 43858.17, 'win_deals_count': 62, 'win_deals_gross_pnl': 197006.0, 'win_commission': 2585.57, 'win_deals_pnl': 194420.43, 'loss_deals_count': 89, 'loss_deals_gross_pnl': -146799.0, 'loss_commission': 3763.26, 'loss_deals_pnl': -150562.26, 'deal_pnl_avrg': 290.451, 'deals_return': 0.04386, 'deals_return_avg': 0.00029, 'win_deal_pnl_avrg': 3135.813, 'loss_deal_pnl_avrg': -1691.711}, 'holdings_stats': {'gross_pnl': 50207.0, 'commission': 6348.83, 'pnl': 43858.17, 'duration': datetime.timedelta(days=189, seconds=35100), 'start_date': datetime.datetime(2024, 3, 14, 9, 0), 'last_bar_datetime': datetime.datetime(2024, 9, 19, 18, 45)}}, 'Si-6.24.txt': {'deals_stats': {'deals_count': 79, 'deals_gross_pnl': 33931.0, 'commission': 4218.11, 'deals_pnl': 29712.890000000003, 'deal_pnl_avrg': 376.113, 'deals_return': 0.02971, 'deals_return_avg': 0.00038, 'win_deals_count': 31, 'win_deals_gross_pnl': 119767.0, 'win_commission': 1678.63, 'win_deals_pnl': 118088.37000000001, 'win_deal_pnl_avrg': 3809.302, 'loss_deals_count': 48, 'loss_deals_gross_pnl': -85836.0, 'loss_commission': 2539.48, 'loss_deals_pnl': -88375.48, 'loss_deal_pnl_avrg': -1841.156}, 'holdings_stats': {'gross_pnl': 33931.0, 'commission': 4218.11, 'pnl': 29712.89}}, 'Si-9.24.txt': {'deals_stats': {'deals_count': 72, 'deals_gross_pnl': 16276.0, 'commission': 2130.72, 'deals_pnl': 14145.279999999999, 'deal_pnl_avrg': 196.462, 'deals_return': 0.01408, 'deals_return_avg': 0.0002, 'win_deals_count': 31, 'win_deals_gross_pnl': 77239.0, 'win_commission': 906.9399999999999, 'win_deals_pnl': 76332.06, 'win_deal_pnl_avrg': 2462.325, 'loss_deals_count': 41, 'loss_deals_gross_pnl': -60963.0, 'loss_commission': 1223.78, 'loss_deals_pnl': -62186.78, 'loss_deal_pnl_avrg': -1516.751}, 'holdings_stats': {'gross_pnl': 16276.0, 'commission': 2130.72, 'pnl': 14145.279999999995}}}}
# 4 from 20; {'stratagy_params': {'avg_price_period': 5, 'channel_period': 90}, 'stratagy_posSizer_params': {'mpr': 0.4}, 'stratagy_stats': {'total': {'koefs': {'win_rate': 0.4106, 'expected_payoff': 401.772, 'expected_payoff_probability': 0.17301, 'breakeven': 0.42134, 'breakeven_tradeoff': -1.363, 'profit_factor': 1.294, 'APR': 0.1169, 'DD_pct': 36217.889999999665, 'DD_pct_date': datetime.datetime(2024, 4, 9, 10, 10), 'DD_pct_duration': datetime.timedelta(days=63, seconds=78600), 'DD_pcr': 0.03597, 'DD_pcr_date': datetime.datetime(2024, 4, 9, 10, 10), 'DD_pcr_duration': datetime.timedelta(days=63, seconds=78600), 'APR/DD_factor': 3.25, 'recovery_factor': 1.675, 'sharp_ratio': 0.113, 'sortino_ratio': 0.143, 'var': -3390.773}, 'deals_stats': {'deals_count': 151, 'deals_gross_pnl': 69287.0, 'commission': 8623.46, 'deals_pnl': 60663.54, 'win_deals_count': 62, 'win_deals_gross_pnl': 270834.0, 'win_commission': 3491.09, 'win_deals_pnl': 267342.91, 'loss_deals_count': 89, 'loss_deals_gross_pnl': -201547.0, 'loss_commission': 5132.37, 'loss_deals_pnl': -206679.37, 'deal_pnl_avrg': 401.745, 'deals_return': 0.06066, 'deals_return_avg': 0.0004, 'win_deal_pnl_avrg': 4311.982, 'loss_deal_pnl_avrg': -2322.24}, 'holdings_stats': {'gross_pnl': 69287.0, 'commission': 8623.46, 'pnl': 60663.54000000002, 'duration': datetime.timedelta(days=189, seconds=35100), 'start_date': datetime.datetime(2024, 3, 14, 9, 0), 'last_bar_datetime': datetime.datetime(2024, 9, 19, 18, 45)}}, 'Si-6.24.txt': {'deals_stats': {'deals_count': 79, 'deals_gross_pnl': 44102.0, 'commission': 5674.22, 'deals_pnl': 38427.78, 'deal_pnl_avrg': 486.428, 'deals_return': 0.03843, 'deals_return_avg': 0.00049, 'win_deals_count': 31, 'win_deals_gross_pnl': 160685.0, 'win_commission': 2240.14, 'win_deals_pnl': 158444.86, 'win_deal_pnl_avrg': 5111.125, 'loss_deals_count': 48, 'loss_deals_gross_pnl': -116583.0, 'loss_commission': 3434.08, 'loss_deals_pnl': -120017.08, 'loss_deal_pnl_avrg': -2500.356}, 'holdings_stats': {'gross_pnl': 44102.0, 'commission': 5674.22, 'pnl': 38427.78000000001}}, 'Si-9.24.txt': {'deals_stats': {'deals_count': 72, 'deals_gross_pnl': 25185.0, 'commission': 2949.24, 'deals_pnl': 22235.760000000002, 'deal_pnl_avrg': 308.83, 'deals_return': 0.02221, 'deals_return_avg': 0.00031, 'win_deals_count': 31, 'win_deals_gross_pnl': 110149.0, 'win_commission': 1250.95, 'win_deals_pnl': 108898.05, 'win_deal_pnl_avrg': 3512.84, 'loss_deals_count': 41, 'loss_deals_gross_pnl': -84964.0, 'loss_commission': 1698.29, 'loss_deals_pnl': -86662.29, 'loss_deal_pnl_avrg': -2113.714}, 'holdings_stats': {'gross_pnl': 25185.0, 'commission': 2949.24, 'pnl': 22235.760000000013}}}}
# 5 from 20; {'stratagy_params': {'avg_price_period': 5, 'channel_period': 90}, 'stratagy_posSizer_params': {'mpr': 0.5}, 'stratagy_stats': {'total': {'koefs': {'win_rate': 0.4106, 'expected_payoff': 501.683, 'expected_payoff_probability': 0.16943, 'breakeven': 0.41262, 'breakeven_tradeoff': -1.371, 'profit_factor': 1.287, 'APR': 0.14598, 'DD_pct': 44875.989999999874, 'DD_pct_date': datetime.datetime(2024, 4, 9, 10, 10), 'DD_pct_duration': datetime.timedelta(days=63, seconds=78600), 'DD_pcr': 0.0445, 'DD_pcr_date': datetime.datetime(2024, 4, 9, 10, 10), 'DD_pcr_duration': datetime.timedelta(days=63, seconds=78600), 'APR/DD_factor': 3.28, 'recovery_factor': 1.688, 'sharp_ratio': 0.111, 'sortino_ratio': 0.141, 'var': -4389.822}, 'deals_stats': {'deals_count': 151, 'deals_gross_pnl': 86677.0, 'commission': 10927.98, 'deals_pnl': 75749.01999999999, 'win_deals_count': 62, 'win_deals_gross_pnl': 343679.0, 'win_commission': 4402.36, 'win_deals_pnl': 339276.64, 'loss_deals_count': 89, 'loss_deals_gross_pnl': -257002.0, 'loss_commission': 6525.619999999999, 'loss_deals_pnl': -263527.62, 'deal_pnl_avrg': 501.649, 'deals_return': 0.07575, 'deals_return_avg': 0.0005, 'win_deal_pnl_avrg': 5472.204, 'loss_deal_pnl_avrg': -2960.984}, 'holdings_stats': {'gross_pnl': 86677.0, 'commission': 10927.98, 'pnl': 75749.01999999999, 'duration': datetime.timedelta(days=189, seconds=35100), 'start_date': datetime.datetime(2024, 3, 14, 9, 0), 'last_bar_datetime': datetime.datetime(2024, 9, 19, 18, 45)}}, 'Si-6.24.txt': {'deals_stats': {'deals_count': 79, 'deals_gross_pnl': 55754.0, 'commission': 7129.1900000000005, 'deals_pnl': 48624.81, 'deal_pnl_avrg': 615.504, 'deals_return': 0.04862, 'deals_return_avg': 0.00062, 'win_deals_count': 31, 'win_deals_gross_pnl': 203107.0, 'win_commission': 2807.96, 'win_deals_pnl': 200299.04, 'win_deal_pnl_avrg': 6461.259, 'loss_deals_count': 48, 'loss_deals_gross_pnl': -147353.0, 'loss_commission': 4321.23, 'loss_deals_pnl': -151674.23, 'loss_deal_pnl_avrg': -3159.88}, 'holdings_stats': {'gross_pnl': 55754.0, 'commission': 7129.19, 'pnl': 48624.80999999999}}, 'Si-9.24.txt': {'deals_stats': {'deals_count': 72, 'deals_gross_pnl': 30923.0, 'commission': 3798.79, 'deals_pnl': 27124.209999999995, 'deal_pnl_avrg': 376.725, 'deals_return': 0.02715, 'deals_return_avg': 0.00038, 'win_deals_count': 31, 'win_deals_gross_pnl': 140572.0, 'win_commission': 1594.3999999999999, 'win_deals_pnl': 138977.6, 'win_deal_pnl_avrg': 4483.148, 'loss_deals_count': 41, 'loss_deals_gross_pnl': -109649.0, 'loss_commission': 2204.39, 'loss_deals_pnl': -111853.39, 'loss_deal_pnl_avrg': -2728.131}, 'holdings_stats': {'gross_pnl': 30923.0, 'commission': 3798.79, 'pnl': 27124.209999999995}}}}
# 6 from 20; {'stratagy_params': {'avg_price_period': 5, 'channel_period': 90}, 'stratagy_posSizer_params': {'mpr': 0.6}, 'stratagy_stats': {'total': {'koefs': {'win_rate': 0.4106, 'expected_payoff': 575.349, 'expected_payoff_probability': 0.15969, 'breakeven': 0.38889, 'breakeven_tradeoff': -1.395, 'profit_factor': 1.271, 'APR': 0.1674, 'DD_pct': 53876.230000000214, 'DD_pct_date': datetime.datetime(2024, 4, 9, 10, 10), 'DD_pct_duration': datetime.timedelta(days=63, seconds=78600), 'DD_pcr': 0.05335, 'DD_pcr_date': datetime.datetime(2024, 4, 9, 10, 10), 'DD_pcr_duration': datetime.timedelta(days=63, seconds=78600), 'APR/DD_factor': 3.138, 'recovery_factor': 1.612, 'sharp_ratio': 0.107, 'sortino_ratio': 0.136, 'var': -5385.705}, 'deals_stats': {'deals_count': 151, 'deals_gross_pnl': 100112.0, 'commission': 13240.46, 'deals_pnl': 86871.54000000001, 'win_deals_count': 62, 'win_deals_gross_pnl': 412889.0, 'win_commission': 5353.74, 'win_deals_pnl': 407535.26, 'loss_deals_count': 89, 'loss_deals_gross_pnl': -312777.0, 'loss_commission': 7886.72, 'loss_deals_pnl': -320663.72, 'deal_pnl_avrg': 575.308, 'deals_return': 0.08687, 'deals_return_avg': 0.00058, 'win_deal_pnl_avrg': 6573.149, 'loss_deal_pnl_avrg': -3602.963}, 'holdings_stats': {'gross_pnl': 100112.0, 'commission': 13240.46, 'pnl': 86871.54000000004, 'duration': datetime.timedelta(days=189, seconds=35100), 'start_date': datetime.datetime(2024, 3, 14, 9, 0), 'last_bar_datetime': datetime.datetime(2024, 9, 19, 18, 45)}}, 'Si-6.24.txt': {'deals_stats': {'deals_count': 79, 'deals_gross_pnl': 62910.0, 'commission': 8585.6, 'deals_pnl': 54324.4, 'deal_pnl_avrg': 687.651, 'deals_return': 0.05432, 'deals_return_avg': 0.00069, 'win_deals_count': 31, 'win_deals_gross_pnl': 240752.0, 'win_commission': 3390.08, 'win_deals_pnl': 237361.91999999998, 'win_deal_pnl_avrg': 7656.836, 'loss_deals_count': 48, 'loss_deals_gross_pnl': -177842.0, 'loss_commission': 5195.52, 'loss_deals_pnl': -183037.52, 'loss_deal_pnl_avrg': -3813.282}, 'holdings_stats': {'gross_pnl': 62910.0, 'commission': 8585.6, 'pnl': 54324.400000000016}}, 'Si-9.24.txt': {'deals_stats': {'deals_count': 72, 'deals_gross_pnl': 37202.0, 'commission': 4654.86, 'deals_pnl': 32547.140000000003, 'deal_pnl_avrg': 452.044, 'deals_return': 0.03239, 'deals_return_avg': 0.00045, 'win_deals_count': 31, 'win_deals_gross_pnl': 172137.0, 'win_commission': 1963.6599999999999, 'win_deals_pnl': 170173.34, 'win_deal_pnl_avrg': 5489.463, 'loss_deals_count': 41, 'loss_deals_gross_pnl': -134935.0, 'loss_commission': 2691.2, 'loss_deals_pnl': -137626.2, 'loss_deal_pnl_avrg': -3356.737}, 'holdings_stats': {'gross_pnl': 37202.0, 'commission': 4654.86, 'pnl': 32547.14000000002}}}}
# 7 from 20; {'stratagy_params': {'avg_price_period': 5, 'channel_period': 90}, 'stratagy_posSizer_params': {'mpr': 0.7000000000000001}, 'stratagy_stats': {'total': {'koefs': {'win_rate': 0.4106, 'expected_payoff': 735.798, 'expected_payoff_probability': 0.17402, 'breakeven': 0.4238, 'breakeven_tradeoff': -1.36, 'profit_factor': 1.295, 'APR': 0.2141, 'DD_pct': 63351.659999999916, 'DD_pct_date': datetime.datetime(2024, 4, 9, 10, 10), 'DD_pct_duration': datetime.timedelta(days=63, seconds=78600), 'DD_pcr': 0.06259, 'DD_pcr_date': datetime.datetime(2024, 4, 9, 10, 10), 'DD_pcr_duration': datetime.timedelta(days=63, seconds=78600), 'APR/DD_factor': 3.421, 'recovery_factor': 1.754, 'sharp_ratio': 0.115, 'sortino_ratio': 0.146, 'var': -6561.477}, 'deals_stats': {'deals_count': 151, 'deals_gross_pnl': 126714.0, 'commission': 15615.8, 'deals_pnl': 111098.2, 'win_deals_count': 62, 'win_deals_gross_pnl': 493748.0, 'win_commission': 6341.48, 'win_deals_pnl': 487406.51999999996, 'loss_deals_count': 89, 'loss_deals_gross_pnl': -367034.0, 'loss_commission': 9274.32, 'loss_deals_pnl': -376308.32, 'deal_pnl_avrg': 735.75, 'deals_return': 0.1111, 'deals_return_avg': 0.00074, 'win_deal_pnl_avrg': 7861.395, 'loss_deal_pnl_avrg': -4228.183}, 'holdings_stats': {'gross_pnl': 126714.0, 'commission': 15615.8, 'pnl': 111098.20000000001, 'duration': datetime.timedelta(days=189, seconds=35100), 'start_date': datetime.datetime(2024, 3, 14, 9, 0), 'last_bar_datetime': datetime.datetime(2024, 9, 19, 18, 45)}}, 'Si-6.24.txt': {'deals_stats': {'deals_count': 79, 'deals_gross_pnl': 77770.0, 'commission': 10054.39, 'deals_pnl': 67715.61, 'deal_pnl_avrg': 857.16, 'deals_return': 0.06772, 'deals_return_avg': 0.00086, 'win_deals_count': 31, 'win_deals_gross_pnl': 284536.0, 'win_commission': 3983.78, 'win_deals_pnl': 280552.22, 'win_deal_pnl_avrg': 9050.072, 'loss_deals_count': 48, 'loss_deals_gross_pnl': -206766.0, 'loss_commission': 6070.610000000001, 'loss_deals_pnl': -212836.61000000002, 'loss_deal_pnl_avrg': -4434.096}, 'holdings_stats': {'gross_pnl': 77770.0, 'commission': 10054.39, 'pnl': 67715.61000000002}}, 'Si-9.24.txt': {'deals_stats': {'deals_count': 72, 'deals_gross_pnl': 48944.0, 'commission': 5561.41, 'deals_pnl': 43382.59, 'deal_pnl_avrg': 602.536, 'deals_return': 0.04313, 'deals_return_avg': 0.0006, 'win_deals_count': 31, 'win_deals_gross_pnl': 209212.0, 'win_commission': 2357.7, 'win_deals_pnl': 206854.3, 'win_deal_pnl_avrg': 6672.719, 'loss_deals_count': 41, 'loss_deals_gross_pnl': -160268.0, 'loss_commission': 3203.71, 'loss_deals_pnl': -163471.71, 'loss_deal_pnl_avrg': -3987.115}, 'holdings_stats': {'gross_pnl': 48944.0, 'commission': 5561.41, 'pnl': 43382.58999999999}}}}
# 8 from 20; {'stratagy_params': {'avg_price_period': 5, 'channel_period': 90}, 'stratagy_posSizer_params': {'mpr': 0.8}, 'stratagy_stats': {'total': {'koefs': {'win_rate': 0.4106, 'expected_payoff': 794.304, 'expected_payoff_probability': 0.16141, 'breakeven': 0.39308, 'breakeven_tradeoff': -1.391, 'profit_factor': 1.274, 'APR': 0.23111, 'DD_pct': 72395.17999999947, 'DD_pct_date': datetime.datetime(2024, 4, 9, 10, 10), 'DD_pct_duration': datetime.timedelta(days=63, seconds=78600), 'DD_pcr': 0.07142, 'DD_pcr_date': datetime.datetime(2024, 4, 9, 10, 10), 'DD_pcr_duration': datetime.timedelta(days=63, seconds=78600), 'APR/DD_factor': 3.236, 'recovery_factor': 1.657, 'sharp_ratio': 0.109, 'sortino_ratio': 0.139, 'var': -7434.631}, 'deals_stats': {'deals_count': 151, 'deals_gross_pnl': 137914.0, 'commission': 17982.41, 'deals_pnl': 119931.59, 'win_deals_count': 62, 'win_deals_gross_pnl': 565167.0, 'win_commission': 7258.64, 'win_deals_pnl': 557908.36, 'loss_deals_count': 89, 'loss_deals_gross_pnl': -427253.0, 'loss_commission': 10723.77, 'loss_deals_pnl': -437976.77, 'deal_pnl_avrg': 794.249, 'deals_return': 0.11993, 'deals_return_avg': 0.00079, 'win_deal_pnl_avrg': 8998.522, 'loss_deal_pnl_avrg': -4921.087}, 'holdings_stats': {'gross_pnl': 137914.0, 'commission': 17982.41, 'pnl': 119931.59000000003, 'duration': datetime.timedelta(days=189, seconds=35100), 'start_date': datetime.datetime(2024, 3, 14, 9, 0), 'last_bar_datetime': datetime.datetime(2024, 9, 19, 18, 45)}}, 'Si-6.24.txt': {'deals_stats': {'deals_count': 79, 'deals_gross_pnl': 85782.0, 'commission': 11508.68, 'deals_pnl': 74273.32, 'deal_pnl_avrg': 940.169, 'deals_return': 0.07427, 'deals_return_avg': 0.00094, 'win_deals_count': 31, 'win_deals_gross_pnl': 325021.0, 'win_commission': 4532.05, 'win_deals_pnl': 320488.95, 'win_deal_pnl_avrg': 10338.353, 'loss_deals_count': 48, 'loss_deals_gross_pnl': -239239.0, 'loss_commission': 6976.63, 'loss_deals_pnl': -246215.63, 'loss_deal_pnl_avrg': -5129.492}, 'holdings_stats': {'gross_pnl': 85782.0, 'commission': 11508.68, 'pnl': 74273.32000000002}}, 'Si-9.24.txt': {'deals_stats': {'deals_count': 72, 'deals_gross_pnl': 52132.0, 'commission': 6473.73, 'deals_pnl': 45658.27, 'deal_pnl_avrg': 634.143, 'deals_return': 0.04566, 'deals_return_avg': 0.00063, 'win_deals_count': 31, 'win_deals_gross_pnl': 240146.0, 'win_commission': 2726.59, 'win_deals_pnl': 237419.41, 'win_deal_pnl_avrg': 7658.691, 'loss_deals_count': 41, 'loss_deals_gross_pnl': -188014.0, 'loss_commission': 3747.14, 'loss_deals_pnl': -191761.13999999998, 'loss_deal_pnl_avrg': -4677.101}, 'holdings_stats': {'gross_pnl': 52132.0, 'commission': 6473.73, 'pnl': 45658.270000000004}}}}
# 9 from 20; {'stratagy_params': {'avg_price_period': 5, 'channel_period': 90}, 'stratagy_posSizer_params': {'mpr': 0.9}, 'stratagy_stats': {'total': {'koefs': {'win_rate': 0.4106, 'expected_payoff': 925.426, 'expected_payoff_probability': 0.16583, 'breakeven': 0.40385, 'breakeven_tradeoff': -1.38, 'profit_factor': 1.281, 'APR': 0.26927, 'DD_pct': 81438.54999999981, 'DD_pct_date': datetime.datetime(2024, 4, 9, 10, 10), 'DD_pct_duration': datetime.timedelta(days=63, seconds=78900), 'DD_pcr': 0.08022, 'DD_pcr_date': datetime.datetime(2024, 4, 9, 10, 10), 'DD_pcr_duration': datetime.timedelta(days=63, seconds=78900), 'APR/DD_factor': 3.357, 'recovery_factor': 1.716, 'sharp_ratio': 0.112, 'sortino_ratio': 0.143, 'var': -8627.774}, 'deals_stats': {'deals_count': 151, 'deals_gross_pnl': 160097.0, 'commission': 20367.23, 'deals_pnl': 139729.77, 'win_deals_count': 62, 'win_deals_gross_pnl': 644642.0, 'win_commission': 8239.15, 'win_deals_pnl': 636402.8500000001, 'loss_deals_count': 89, 'loss_deals_gross_pnl': -484545.0, 'loss_commission': 12128.08, 'loss_deals_pnl': -496673.08, 'deal_pnl_avrg': 925.363, 'deals_return': 0.13973, 'deals_return_avg': 0.00093, 'win_deal_pnl_avrg': 10264.562, 'loss_deal_pnl_avrg': -5580.596}, 'holdings_stats': {'gross_pnl': 160097.0, 'commission': 20367.23, 'pnl': 139729.77000000002, 'duration': datetime.timedelta(days=189, seconds=35100), 'start_date': datetime.datetime(2024, 3, 14, 9, 0), 'last_bar_datetime': datetime.datetime(2024, 9, 19, 18, 45)}}, 'Si-6.24.txt': {'deals_stats': {'deals_count': 79, 'deals_gross_pnl': 98049.0, 'commission': 12937.6, 'deals_pnl': 85111.4, 'deal_pnl_avrg': 1077.359, 'deals_return': 0.08511, 'deals_return_avg': 0.00108, 'win_deals_count': 31, 'win_deals_gross_pnl': 367069.0, 'win_commission': 5106.22, 'win_deals_pnl': 361962.78, 'win_deal_pnl_avrg': 11676.219, 'loss_deals_count': 48, 'loss_deals_gross_pnl': -269020.0, 'loss_commission': 7831.38, 'loss_deals_pnl': -276851.38, 'loss_deal_pnl_avrg': -5767.737}, 'holdings_stats': {'gross_pnl': 98049.0, 'commission': 12937.6, 'pnl': 85111.4}}, 'Si-9.24.txt': {'deals_stats': {'deals_count': 72, 'deals_gross_pnl': 62048.0, 'commission': 7429.63, 'deals_pnl': 54618.369999999995, 'deal_pnl_avrg': 758.588, 'deals_return': 0.05471, 'deals_return_avg': 0.00076, 'win_deals_count': 31, 'win_deals_gross_pnl': 277573.0, 'win_commission': 3132.93, 'win_deals_pnl': 274440.07, 'win_deal_pnl_avrg': 8852.905, 'loss_deals_count': 41, 'loss_deals_gross_pnl': -215525.0, 'loss_commission': 4296.7, 'loss_deals_pnl': -219821.7, 'loss_deal_pnl_avrg': -5361.505}, 'holdings_stats': {'gross_pnl': 62048.0, 'commission': 7429.63, 'pnl': 54618.370000000024}}}}
# 10 from 20; {'stratagy_params': {'avg_price_period': 5, 'channel_period': 90}, 'stratagy_posSizer_params': {'mpr': 1.0}, 'stratagy_stats': {'total': {'koefs': {'win_rate': 0.4106, 'expected_payoff': 1034.434, 'expected_payoff_probability': 0.16587, 'breakeven': 0.40393, 'breakeven_tradeoff': -1.38, 'profit_factor': 1.281, 'APR': 0.30099, 'DD_pct': 90539.03999999969, 'DD_pct_date': datetime.datetime(2024, 4, 9, 10, 10), 'DD_pct_duration': datetime.timedelta(days=63, seconds=78900), 'DD_pcr': 0.08898, 'DD_pcr_date': datetime.datetime(2024, 4, 9, 10, 10), 'DD_pcr_duration': datetime.timedelta(days=63, seconds=78900), 'APR/DD_factor': 3.383, 'recovery_factor': 1.725, 'sharp_ratio': 0.113, 'sortino_ratio': 0.144, 'var': -9542.862}, 'deals_stats': {'deals_count': 151, 'deals_gross_pnl': 178949.0, 'commission': 22760.11, 'deals_pnl': 156188.89, 'win_deals_count': 62, 'win_deals_gross_pnl': 720452.0, 'win_commission': 9206.81, 'win_deals_pnl': 711245.19, 'loss_deals_count': 89, 'loss_deals_gross_pnl': -541503.0, 'loss_commission': 13553.3, 'loss_deals_pnl': -555056.3, 'deal_pnl_avrg': 1034.364, 'deals_return': 0.15619, 'deals_return_avg': 0.00103, 'win_deal_pnl_avrg': 11471.697, 'loss_deal_pnl_avrg': -6236.588}, 'holdings_stats': {'gross_pnl': 178949.0, 'commission': 22760.11, 'pnl': 156188.89000000004, 'duration': datetime.timedelta(days=189, seconds=35100), 'start_date': datetime.datetime(2024, 3, 14, 9, 0), 'last_bar_datetime': datetime.datetime(2024, 9, 19, 18, 45)}}, 'Si-6.24.txt': {'deals_stats': {'deals_count': 79, 'deals_gross_pnl': 110208.0, 'commission': 14412.09, 'deals_pnl': 95795.91, 'deal_pnl_avrg': 1212.606, 'deals_return': 0.0958, 'deals_return_avg': 0.00121, 'win_deals_count': 31, 'win_deals_gross_pnl': 409671.0, 'win_commission': 5673.87, 'win_deals_pnl': 403997.13, 'win_deal_pnl_avrg': 13032.165, 'loss_deals_count': 48, 'loss_deals_gross_pnl': -299463.0, 'loss_commission': 8738.22, 'loss_deals_pnl': -308201.22, 'loss_deal_pnl_avrg': -6420.859}, 'holdings_stats': {'gross_pnl': 110208.0, 'commission': 14412.09, 'pnl': 95795.90999999997}}, 'Si-9.24.txt': {'deals_stats': {'deals_count': 72, 'deals_gross_pnl': 68741.0, 'commission': 8348.02, 'deals_pnl': 60392.98, 'deal_pnl_avrg': 838.791, 'deals_return': 0.0606, 'deals_return_avg': 0.00084, 'win_deals_count': 31, 'win_deals_gross_pnl': 310781.0, 'win_commission': 3532.94, 'win_deals_pnl': 307248.06, 'win_deal_pnl_avrg': 9911.228, 'loss_deals_count': 41, 'loss_deals_gross_pnl': -242040.0, 'loss_commission': 4815.08, 'loss_deals_pnl': -246855.08000000002, 'loss_deal_pnl_avrg': -6020.856}, 'holdings_stats': {'gross_pnl': 68741.0, 'commission': 8348.02, 'pnl': 60392.980000000076}}}}
# 11 from 20; {'stratagy_params': {'avg_price_period': 5, 'channel_period': 90}, 'stratagy_posSizer_params': {'mpr': 1.1}, 'stratagy_stats': {'total': {'koefs': {'win_rate': 0.4106, 'expected_payoff': 1132.196, 'expected_payoff_probability': 0.16388, 'breakeven': 0.39911, 'breakeven_tradeoff': -1.385, 'profit_factor': 1.278, 'APR': 0.32943, 'DD_pct': 99112.19999999949, 'DD_pct_date': datetime.datetime(2024, 4, 9, 10, 10), 'DD_pct_duration': datetime.timedelta(days=64, seconds=11100), 'DD_pcr': 0.09726, 'DD_pcr_date': datetime.datetime(2024, 4, 9, 10, 10), 'DD_pcr_duration': datetime.timedelta(days=64, seconds=11100), 'APR/DD_factor': 3.387, 'recovery_factor': 1.725, 'sharp_ratio': 0.113, 'sortino_ratio': 0.144, 'var': -10797.544}, 'deals_stats': {'deals_count': 151, 'deals_gross_pnl': 196088.0, 'commission': 25138.1, 'deals_pnl': 170949.9, 'win_deals_count': 62, 'win_deals_gross_pnl': 795965.0, 'win_commission': 10155.97, 'win_deals_pnl': 785809.03, 'loss_deals_count': 89, 'loss_deals_gross_pnl': -599877.0, 'loss_commission': 14982.130000000001, 'loss_deals_pnl': -614859.13, 'deal_pnl_avrg': 1132.119, 'deals_return': 0.17095, 'deals_return_avg': 0.00113, 'win_deal_pnl_avrg': 12674.339, 'loss_deal_pnl_avrg': -6908.53}, 'holdings_stats': {'gross_pnl': 196088.0, 'commission': 25138.1, 'pnl': 170949.90000000002, 'duration': datetime.timedelta(days=189, seconds=35100), 'start_date': datetime.datetime(2024, 3, 14, 9, 0), 'last_bar_datetime': datetime.datetime(2024, 9, 19, 18, 45)}}, 'Si-6.24.txt': {'deals_stats': {'deals_count': 79, 'deals_gross_pnl': 121260.0, 'commission': 15827.65, 'deals_pnl': 105432.35, 'deal_pnl_avrg': 1334.587, 'deals_return': 0.10543, 'deals_return_avg': 0.00133, 'win_deals_count': 31, 'win_deals_gross_pnl': 449803.0, 'win_commission': 6234.96, 'win_deals_pnl': 443568.04000000004, 'win_deal_pnl_avrg': 14308.646, 'loss_deals_count': 48, 'loss_deals_gross_pnl': -328543.0, 'loss_commission': 9592.69, 'loss_deals_pnl': -338135.69, 'loss_deal_pnl_avrg': -7044.494}, 'holdings_stats': {'gross_pnl': 121260.0, 'commission': 15827.65, 'pnl': 105432.35000000003}}, 'Si-9.24.txt': {'deals_stats': {'deals_count': 72, 'deals_gross_pnl': 74828.0, 'commission': 9310.45, 'deals_pnl': 65517.549999999996, 'deal_pnl_avrg': 909.966, 'deals_return': 0.06592, 'deals_return_avg': 0.00092, 'win_deals_count': 31, 'win_deals_gross_pnl': 346162.0, 'win_commission': 3921.0099999999998, 'win_deals_pnl': 342240.99, 'win_deal_pnl_avrg': 11040.032, 'loss_deals_count': 41, 'loss_deals_gross_pnl': -271334.0, 'loss_commission': 5389.44, 'loss_deals_pnl': -276723.44, 'loss_deal_pnl_avrg': -6749.352}, 'holdings_stats': {'gross_pnl': 74828.0, 'commission': 9310.45, 'pnl': 65517.54999999998}}}}
# 12 from 20; {'stratagy_params': {'avg_price_period': 5, 'channel_period': 90}, 'stratagy_posSizer_params': {'mpr': 1.2000000000000002}, 'stratagy_stats': {'total': {'koefs': {'win_rate': 0.4106, 'expected_payoff': 1238.398, 'expected_payoff_probability': 0.1632, 'breakeven': 0.39745, 'breakeven_tradeoff': -1.387, 'profit_factor': 1.277, 'APR': 0.36034, 'DD_pct': 107358.16000000038, 'DD_pct_date': datetime.datetime(2024, 4, 9, 10, 10), 'DD_pct_duration': datetime.timedelta(days=64, seconds=11100), 'DD_pcr': 0.10519, 'DD_pcr_date': datetime.datetime(2024, 4, 9, 10, 10), 'DD_pcr_duration': datetime.timedelta(days=64, seconds=11100), 'APR/DD_factor': 3.426, 'recovery_factor': 1.742, 'sharp_ratio': 0.113, 'sortino_ratio': 0.144, 'var': -11770.12}, 'deals_stats': {'deals_count': 151, 'deals_gross_pnl': 214564.0, 'commission': 27578.78, 'deals_pnl': 186985.22, 'win_deals_count': 62, 'win_deals_gross_pnl': 873461.0, 'win_commission': 11135.79, 'win_deals_pnl': 862325.21, 'loss_deals_count': 89, 'loss_deals_gross_pnl': -658897.0, 'loss_commission': 16442.989999999998, 'loss_deals_pnl': -675339.99, 'deal_pnl_avrg': 1238.313, 'deals_return': 0.18699, 'deals_return_avg': 0.00124, 'win_deal_pnl_avrg': 13908.471, 'loss_deal_pnl_avrg': -7588.09}, 'holdings_stats': {'gross_pnl': 214564.0, 'commission': 27578.78, 'pnl': 186985.22000000003, 'duration': datetime.timedelta(days=189, seconds=35100), 'start_date': datetime.datetime(2024, 3, 14, 9, 0), 'last_bar_datetime': datetime.datetime(2024, 9, 19, 18, 45)}}, 'Si-6.24.txt': {'deals_stats': {'deals_count': 79, 'deals_gross_pnl': 130878.0, 'commission': 17262.41, 'deals_pnl': 113615.59, 'deal_pnl_avrg': 1438.172, 'deals_return': 0.11362, 'deals_return_avg': 0.00144, 'win_deals_count': 31, 'win_deals_gross_pnl': 490549.0, 'win_commission': 6789.62, 'win_deals_pnl': 483759.38, 'win_deal_pnl_avrg': 15605.141, 'loss_deals_count': 48, 'loss_deals_gross_pnl': -359671.0, 'loss_commission': 10472.789999999999, 'loss_deals_pnl': -370143.79, 'loss_deal_pnl_avrg': -7711.329}, 'holdings_stats': {'gross_pnl': 130878.0, 'commission': 17262.41, 'pnl': 113615.59000000001}}, 'Si-9.24.txt': {'deals_stats': {'deals_count': 72, 'deals_gross_pnl': 83686.0, 'commission': 10316.37, 'deals_pnl': 73369.63, 'deal_pnl_avrg': 1019.023, 'deals_return': 0.07413, 'deals_return_avg': 0.00103, 'win_deals_count': 31, 'win_deals_gross_pnl': 382912.0, 'win_commission': 4346.17, 'win_deals_pnl': 378565.83, 'win_deal_pnl_avrg': 12211.801, 'loss_deals_count': 41, 'loss_deals_gross_pnl': -299226.0, 'loss_commission': 5970.2, 'loss_deals_pnl': -305196.2, 'loss_deal_pnl_avrg': -7443.81}, 'holdings_stats': {'gross_pnl': 83686.0, 'commission': 10316.369999999999, 'pnl': 73369.63}}}}
# 13 from 20; {'stratagy_params': {'avg_price_period': 5, 'channel_period': 90}, 'stratagy_posSizer_params': {'mpr': 1.3000000000000003}, 'stratagy_stats': {'total': {'koefs': {'win_rate': 0.4106, 'expected_payoff': 1339.961, 'expected_payoff_probability': 0.1622, 'breakeven': 0.39501, 'breakeven_tradeoff': -1.389, 'profit_factor': 1.275, 'APR': 0.38989, 'DD_pct': 115851.60000000044, 'DD_pct_date': datetime.datetime(2024, 4, 9, 10, 10), 'DD_pct_duration': datetime.timedelta(days=64, seconds=11100), 'DD_pcr': 0.11326, 'DD_pcr_date': datetime.datetime(2024, 4, 9, 10, 10), 'DD_pcr_duration': datetime.timedelta(days=64, seconds=11100), 'APR/DD_factor': 3.442, 'recovery_factor': 1.746, 'sharp_ratio': 0.113, 'sortino_ratio': 0.144, 'var': -12984.931}, 'deals_stats': {'deals_count': 151, 'deals_gross_pnl': 232235.0, 'commission': 29914.93, 'deals_pnl': 202320.07, 'win_deals_count': 62, 'win_deals_gross_pnl': 949643.0, 'win_commission': 12088.9, 'win_deals_pnl': 937554.1, 'loss_deals_count': 89, 'loss_deals_gross_pnl': -717408.0, 'loss_commission': 17826.03, 'loss_deals_pnl': -735234.03, 'deal_pnl_avrg': 1339.868, 'deals_return': 0.20232, 'deals_return_avg': 0.00134, 'win_deal_pnl_avrg': 15121.84, 'loss_deal_pnl_avrg': -8261.057}, 'holdings_stats': {'gross_pnl': 232235.0, 'commission': 29914.93, 'pnl': 202320.07, 'duration': datetime.timedelta(days=189, seconds=35100), 'start_date': datetime.datetime(2024, 3, 14, 9, 0), 'last_bar_datetime': datetime.datetime(2024, 9, 19, 18, 45)}}, 'Si-6.24.txt': {'deals_stats': {'deals_count': 79, 'deals_gross_pnl': 141170.0, 'commission': 18635.96, 'deals_pnl': 122534.04, 'deal_pnl_avrg': 1551.064, 'deals_return': 0.12253, 'deals_return_avg': 0.00155, 'win_deals_count': 31, 'win_deals_gross_pnl': 530767.0, 'win_commission': 7329.75, 'win_deals_pnl': 523437.25, 'win_deal_pnl_avrg': 16885.073, 'loss_deals_count': 48, 'loss_deals_gross_pnl': -389597.0, 'loss_commission': 11306.210000000001, 'loss_deals_pnl': -400903.21, 'loss_deal_pnl_avrg': -8352.15}, 'holdings_stats': {'gross_pnl': 141170.0, 'commission': 18635.96, 'pnl': 122534.03999999998}}, 'Si-9.24.txt': {'deals_stats': {'deals_count': 72, 'deals_gross_pnl': 91065.0, 'commission': 11278.97, 'deals_pnl': 79786.03, 'deal_pnl_avrg': 1108.139, 'deals_return': 0.0809, 'deals_return_avg': 0.00112, 'win_deals_count': 31, 'win_deals_gross_pnl': 418876.0, 'win_commission': 4759.15, 'win_deals_pnl': 414116.85, 'win_deal_pnl_avrg': 13358.608, 'loss_deals_count': 41, 'loss_deals_gross_pnl': -327811.0, 'loss_commission': 6519.82, 'loss_deals_pnl': -334330.82, 'loss_deal_pnl_avrg': -8154.41}, 'holdings_stats': {'gross_pnl': 91065.0, 'commission': 11278.97, 'pnl': 79786.03000000001}}}}
# 14 from 20; {'stratagy_params': {'avg_price_period': 5, 'channel_period': 90}, 'stratagy_posSizer_params': {'mpr': 1.4000000000000001}, 'stratagy_stats': {'total': {'koefs': {'win_rate': 0.4106, 'expected_payoff': 1408.771, 'expected_payoff_probability': 0.1581, 'breakeven': 0.38503, 'breakeven_tradeoff': -1.399, 'profit_factor': 1.268, 'APR': 0.40991, 'DD_pct': 123065.54999999981, 'DD_pct_date': datetime.datetime(2024, 4, 9, 10, 10), 'DD_pct_duration': datetime.timedelta(days=64, seconds=11700), 'DD_pcr': 0.12014, 'DD_pcr_date': datetime.datetime(2024, 4, 9, 10, 10), 'DD_pcr_duration': datetime.timedelta(days=64, seconds=11700), 'APR/DD_factor': 3.412, 'recovery_factor': 1.728, 'sharp_ratio': 0.111, 'sortino_ratio': 0.142, 'var': -14099.335}, 'deals_stats': {'deals_count': 151, 'deals_gross_pnl': 244938.0, 'commission': 32228.760000000002, 'deals_pnl': 212709.24, 'win_deals_count': 62, 'win_deals_gross_pnl': 1018767.0, 'win_commission': 13021.55, 'win_deals_pnl': 1005745.45, 'loss_deals_count': 89, 'loss_deals_gross_pnl': -773829.0, 'loss_commission': 19207.21, 'loss_deals_pnl': -793036.21, 'deal_pnl_avrg': 1408.67, 'deals_return': 0.21271, 'deals_return_avg': 0.00141, 'win_deal_pnl_avrg': 16221.701, 'loss_deal_pnl_avrg': -8910.519}, 'holdings_stats': {'gross_pnl': 244938.0, 'commission': 32228.760000000002, 'pnl': 212709.24000000005, 'duration': datetime.timedelta(days=189, seconds=35100), 'start_date': datetime.datetime(2024, 3, 14, 9, 0), 'last_bar_datetime': datetime.datetime(2024, 9, 19, 18, 45)}}, 'Si-6.24.txt': {'deals_stats': {'deals_count': 79, 'deals_gross_pnl': 144690.0, 'commission': 19931.15, 'deals_pnl': 124758.84999999999, 'deal_pnl_avrg': 1579.226, 'deals_return': 0.12476, 'deals_return_avg': 0.00158, 'win_deals_count': 31, 'win_deals_gross_pnl': 562100.0, 'win_commission': 7824.82, 'win_deals_pnl': 554275.1799999999, 'win_deal_pnl_avrg': 17879.845, 'loss_deals_count': 48, 'loss_deals_gross_pnl': -417410.0, 'loss_commission': 12106.33, 'loss_deals_pnl': -429516.33, 'loss_deal_pnl_avrg': -8948.257}, 'holdings_stats': {'gross_pnl': 144690.0, 'commission': 19931.15, 'pnl': 124758.85000000002}}, 'Si-9.24.txt': {'deals_stats': {'deals_count': 72, 'deals_gross_pnl': 100248.0, 'commission': 12297.61, 'deals_pnl': 87950.39, 'deal_pnl_avrg': 1221.533, 'deals_return': 0.08898, 'deals_return_avg': 0.00124, 'win_deals_count': 31, 'win_deals_gross_pnl': 456667.0, 'win_commission': 5196.73, 'win_deals_pnl': 451470.27, 'win_deal_pnl_avrg': 14563.557, 'loss_deals_count': 41, 'loss_deals_gross_pnl': -356419.0, 'loss_commission': 7100.88, 'loss_deals_pnl': -363519.88, 'loss_deal_pnl_avrg': -8866.339}, 'holdings_stats': {'gross_pnl': 100248.0, 'commission': 12297.61, 'pnl': 87950.39000000004}}}}
# 15 from 20; {'stratagy_params': {'avg_price_period': 5, 'channel_period': 90}, 'stratagy_posSizer_params': {'mpr': 1.5000000000000002}, 'stratagy_stats': {'total': {'koefs': {'win_rate': 0.4106, 'expected_payoff': 1457.929, 'expected_payoff_probability': 0.15257, 'breakeven': 0.37157, 'breakeven_tradeoff': -1.413, 'profit_factor': 1.259, 'APR': 0.42421, 'DD_pct': 130166.03000000014, 'DD_pct_date': datetime.datetime(2024, 4, 9, 10, 10), 'DD_pct_duration': datetime.timedelta(days=66, seconds=69900), 'DD_pcr': 0.12688, 'DD_pcr_date': datetime.datetime(2024, 4, 9, 10, 10), 'DD_pcr_duration': datetime.timedelta(days=66, seconds=69900), 'APR/DD_factor': 3.343, 'recovery_factor': 1.691, 'sharp_ratio': 0.109, 'sortino_ratio': 0.139, 'var': -15280.234}, 'deals_stats': {'deals_count': 151, 'deals_gross_pnl': 254540.0, 'commission': 34408.71, 'deals_pnl': 220131.28999999998, 'win_deals_count': 62, 'win_deals_gross_pnl': 1084428.0, 'win_commission': 13857.669999999998, 'win_deals_pnl': 1070570.33, 'loss_deals_count': 89, 'loss_deals_gross_pnl': -829888.0, 'loss_commission': 20551.04, 'loss_deals_pnl': -850439.04, 'deal_pnl_avrg': 1457.823, 'deals_return': 0.22013, 'deals_return_avg': 0.00146, 'win_deal_pnl_avrg': 17267.263, 'loss_deal_pnl_avrg': -9555.495}, 'holdings_stats': {'gross_pnl': 254540.0, 'commission': 34408.71, 'pnl': 220131.28999999995, 'duration': datetime.timedelta(days=189, seconds=35100), 'start_date': datetime.datetime(2024, 3, 14, 9, 0), 'last_bar_datetime': datetime.datetime(2024, 9, 19, 18, 45)}}, 'Si-6.24.txt': {'deals_stats': {'deals_count': 79, 'deals_gross_pnl': 147948.0, 'commission': 21167.33, 'deals_pnl': 126780.67, 'deal_pnl_avrg': 1604.819, 'deals_return': 0.12678, 'deals_return_avg': 0.0016, 'win_deals_count': 31, 'win_deals_gross_pnl': 592621.0, 'win_commission': 8279.56, 'win_deals_pnl': 584341.4400000001, 'win_deal_pnl_avrg': 18849.724, 'loss_deals_count': 48, 'loss_deals_gross_pnl': -444673.0, 'loss_commission': 12887.77, 'loss_deals_pnl': -457560.77, 'loss_deal_pnl_avrg': -9532.516}, 'holdings_stats': {'gross_pnl': 147948.0, 'commission': 21167.33, 'pnl': 126780.67}}, 'Si-9.24.txt': {'deals_stats': {'deals_count': 72, 'deals_gross_pnl': 106592.0, 'commission': 13241.38, 'deals_pnl': 93350.62, 'deal_pnl_avrg': 1296.536, 'deals_return': 0.09544, 'deals_return_avg': 0.00133, 'win_deals_count': 31, 'win_deals_gross_pnl': 491807.0, 'win_commission': 5578.11, 'win_deals_pnl': 486228.89, 'win_deal_pnl_avrg': 15684.803, 'loss_deals_count': 41, 'loss_deals_gross_pnl': -385215.0, 'loss_commission': 7663.27, 'loss_deals_pnl': -392878.27, 'loss_deal_pnl_avrg': -9582.397}, 'holdings_stats': {'gross_pnl': 106592.0, 'commission': 13241.38, 'pnl': 93350.61999999995}}}}
# 16 from 20; {'stratagy_params': {'avg_price_period': 5, 'channel_period': 90}, 'stratagy_posSizer_params': {'mpr': 1.6}, 'stratagy_stats': {'total': {'koefs': {'win_rate': 0.4106, 'expected_payoff': 1551.007, 'expected_payoff_probability': 0.1518, 'breakeven': 0.36969, 'breakeven_tradeoff': -1.414, 'profit_factor': 1.258, 'APR': 0.45128, 'DD_pct': 138262.25000000012, 'DD_pct_date': datetime.datetime(2024, 4, 9, 10, 10), 'DD_pct_duration': datetime.timedelta(days=66, seconds=72900), 'DD_pcr': 0.13447, 'DD_pcr_date': datetime.datetime(2024, 4, 9, 10, 10), 'DD_pcr_duration': datetime.timedelta(days=66, seconds=72900), 'APR/DD_factor': 3.356, 'recovery_factor': 1.694, 'sharp_ratio': 0.109, 'sortino_ratio': 0.139, 'var': -16450.735}, 'deals_stats': {'deals_count': 151, 'deals_gross_pnl': 270850.0, 'commission': 36665.26, 'deals_pnl': 234184.74, 'win_deals_count': 62, 'win_deals_gross_pnl': 1158273.0, 'win_commission': 14754.76, 'win_deals_pnl': 1143518.24, 'loss_deals_count': 89, 'loss_deals_gross_pnl': -887423.0, 'loss_commission': 21910.5, 'loss_deals_pnl': -909333.5, 'deal_pnl_avrg': 1550.892, 'deals_return': 0.23418, 'deals_return_avg': 0.00155, 'win_deal_pnl_avrg': 18443.843, 'loss_deal_pnl_avrg': -10217.23}, 'holdings_stats': {'gross_pnl': 270850.0, 'commission': 36665.26, 'pnl': 234184.73999999996, 'duration': datetime.timedelta(days=189, seconds=35100), 'start_date': datetime.datetime(2024, 3, 14, 9, 0), 'last_bar_datetime': datetime.datetime(2024, 9, 19, 18, 45)}}, 'Si-6.24.txt': {'deals_stats': {'deals_count': 79, 'deals_gross_pnl': 155711.0, 'commission': 22380.29, 'deals_pnl': 133330.71, 'deal_pnl_avrg': 1687.731, 'deals_return': 0.13333, 'deals_return_avg': 0.00169, 'win_deals_count': 31, 'win_deals_gross_pnl': 628391.0, 'win_commission': 8726.26, 'win_deals_pnl': 619664.74, 'win_deal_pnl_avrg': 19989.185, 'loss_deals_count': 48, 'loss_deals_gross_pnl': -472680.0, 'loss_commission': 13654.03, 'loss_deals_pnl': -486334.03, 'loss_deal_pnl_avrg': -10131.959}, 'holdings_stats': {'gross_pnl': 155711.0, 'commission': 22380.29, 'pnl': 133330.71}}, 'Si-9.24.txt': {'deals_stats': {'deals_count': 72, 'deals_gross_pnl': 115139.0, 'commission': 14284.97, 'deals_pnl': 100854.03000000001, 'deal_pnl_avrg': 1400.75, 'deals_return': 0.10374, 'deals_return_avg': 0.00144, 'win_deals_count': 31, 'win_deals_gross_pnl': 529882.0, 'win_commission': 6028.5, 'win_deals_pnl': 523853.5, 'win_deal_pnl_avrg': 16898.5, 'loss_deals_count': 41, 'loss_deals_gross_pnl': -414743.0, 'loss_commission': 8256.47, 'loss_deals_pnl': -422999.47, 'loss_deal_pnl_avrg': -10317.06}, 'holdings_stats': {'gross_pnl': 115139.0, 'commission': 14284.97, 'pnl': 100854.02999999997}}}}
# 17 from 20; {'stratagy_params': {'avg_price_period': 5, 'channel_period': 90}, 'stratagy_posSizer_params': {'mpr': 1.7000000000000002}, 'stratagy_stats': {'total': {'koefs': {'win_rate': 0.4106, 'expected_payoff': 1617.816, 'expected_payoff_probability': 0.14907, 'breakeven': 0.36303, 'breakeven_tradeoff': -1.421, 'profit_factor': 1.253, 'APR': 0.47073, 'DD_pct': 144876.4900000001, 'DD_pct_date': datetime.datetime(2024, 4, 9, 10, 10), 'DD_pct_duration': datetime.timedelta(days=66, seconds=73500), 'DD_pcr': 0.1407, 'DD_pcr_date': datetime.datetime(2024, 4, 9, 10, 10), 'DD_pcr_duration': datetime.timedelta(days=66, seconds=73500), 'APR/DD_factor': 3.346, 'recovery_factor': 1.686, 'sharp_ratio': 0.108, 'sortino_ratio': 0.138, 'var': -17641.236}, 'deals_stats': {'deals_count': 151, 'deals_gross_pnl': 283074.0, 'commission': 38801.96, 'deals_pnl': 244272.04, 'win_deals_count': 62, 'win_deals_gross_pnl': 1225738.0, 'win_commission': 15582.7, 'win_deals_pnl': 1210155.2999999998, 'loss_deals_count': 89, 'loss_deals_gross_pnl': -942664.0, 'loss_commission': 23219.260000000002, 'loss_deals_pnl': -965883.26, 'deal_pnl_avrg': 1617.696, 'deals_return': 0.24427, 'deals_return_avg': 0.00162, 'win_deal_pnl_avrg': 19518.634, 'loss_deal_pnl_avrg': -10852.621}, 'holdings_stats': {'gross_pnl': 283074.0, 'commission': 38801.96, 'pnl': 244272.04000000007, 'duration': datetime.timedelta(days=189, seconds=35100), 'start_date': datetime.datetime(2024, 3, 14, 9, 0), 'last_bar_datetime': datetime.datetime(2024, 9, 19, 18, 45)}}, 'Si-6.24.txt': {'deals_stats': {'deals_count': 79, 'deals_gross_pnl': 161875.0, 'commission': 23548.65, 'deals_pnl': 138326.35, 'deal_pnl_avrg': 1750.966, 'deals_return': 0.13833, 'deals_return_avg': 0.00175, 'win_deals_count': 31, 'win_deals_gross_pnl': 661009.0, 'win_commission': 9147.65, 'win_deals_pnl': 651861.35, 'win_deal_pnl_avrg': 21027.785, 'loss_deals_count': 48, 'loss_deals_gross_pnl': -499134.0, 'loss_commission': 14401.0, 'loss_deals_pnl': -513535.0, 'loss_deal_pnl_avrg': -10698.646}, 'holdings_stats': {'gross_pnl': 161875.0, 'commission': 23548.65, 'pnl': 138326.3500000001}}, 'Si-9.24.txt': {'deals_stats': {'deals_count': 72, 'deals_gross_pnl': 121199.0, 'commission': 15253.31, 'deals_pnl': 105945.69, 'deal_pnl_avrg': 1471.468, 'deals_return': 0.10981, 'deals_return_avg': 0.00153, 'win_deals_count': 31, 'win_deals_gross_pnl': 564729.0, 'win_commission': 6435.05, 'win_deals_pnl': 558293.95, 'win_deal_pnl_avrg': 18009.482, 'loss_deals_count': 41, 'loss_deals_gross_pnl': -443530.0, 'loss_commission': 8818.26, 'loss_deals_pnl': -452348.26, 'loss_deal_pnl_avrg': -11032.884}, 'holdings_stats': {'gross_pnl': 121199.0, 'commission': 15253.31, 'pnl': 105945.68999999997}}}}
# 18 from 20; {'stratagy_params': {'avg_price_period': 5, 'channel_period': 90}, 'stratagy_posSizer_params': {'mpr': 1.8000000000000003}, 'stratagy_stats': {'total': {'koefs': {'win_rate': 0.4106, 'expected_payoff': 1702.901, 'expected_payoff_probability': 0.14803, 'breakeven': 0.3605, 'breakeven_tradeoff': -1.424, 'profit_factor': 1.251, 'APR': 0.49549, 'DD_pct': 150975.56999999972, 'DD_pct_date': datetime.datetime(2024, 4, 9, 10, 10), 'DD_pct_duration': datetime.timedelta(days=66, seconds=73500), 'DD_pcr': 0.1464, 'DD_pcr_date': datetime.datetime(2024, 4, 9, 10, 10), 'DD_pcr_duration': datetime.timedelta(days=66, seconds=73500), 'APR/DD_factor': 3.384, 'recovery_factor': 1.703, 'sharp_ratio': 0.108, 'sortino_ratio': 0.139, 'var': -18707.979}, 'deals_stats': {'deals_count': 151, 'deals_gross_pnl': 298113.0, 'commission': 40994.17, 'deals_pnl': 257118.83, 'win_deals_count': 62, 'win_deals_gross_pnl': 1297411.0, 'win_commission': 16466.38, 'win_deals_pnl': 1280944.62, 'loss_deals_count': 89, 'loss_deals_gross_pnl': -999298.0, 'loss_commission': 24527.79, 'loss_deals_pnl': -1023825.79, 'deal_pnl_avrg': 1702.774, 'deals_return': 0.25712, 'deals_return_avg': 0.0017, 'win_deal_pnl_avrg': 20660.397, 'loss_deal_pnl_avrg': -11503.661}, 'holdings_stats': {'gross_pnl': 298113.0, 'commission': 40994.17, 'pnl': 257118.83000000016, 'duration': datetime.timedelta(days=189, seconds=35100), 'start_date': datetime.datetime(2024, 3, 14, 9, 0), 'last_bar_datetime': datetime.datetime(2024, 9, 19, 18, 45)}}, 'Si-6.24.txt': {'deals_stats': {'deals_count': 79, 'deals_gross_pnl': 167662.0, 'commission': 24690.760000000002, 'deals_pnl': 142971.24, 'deal_pnl_avrg': 1809.763, 'deals_return': 0.14297, 'deals_return_avg': 0.00181, 'win_deals_count': 31, 'win_deals_gross_pnl': 692154.0, 'win_commission': 9562.380000000001, 'win_deals_pnl': 682591.62, 'win_deal_pnl_avrg': 22019.085, 'loss_deals_count': 48, 'loss_deals_gross_pnl': -524492.0, 'loss_commission': 15128.380000000001, 'loss_deals_pnl': -539620.38, 'loss_deal_pnl_avrg': -11242.091}, 'holdings_stats': {'gross_pnl': 167662.0, 'commission': 24690.760000000002, 'pnl': 142971.24000000005}}, 'Si-9.24.txt': {'deals_stats': {'deals_count': 72, 'deals_gross_pnl': 130451.0, 'commission': 16303.41, 'deals_pnl': 114147.59, 'deal_pnl_avrg': 1585.383, 'deals_return': 0.11927, 'deals_return_avg': 0.00166, 'win_deals_count': 31, 'win_deals_gross_pnl': 605257.0, 'win_commission': 6904.0, 'win_deals_pnl': 598353.0, 'win_deal_pnl_avrg': 19301.71, 'loss_deals_count': 41, 'loss_deals_gross_pnl': -474806.0, 'loss_commission': 9399.41, 'loss_deals_pnl': -484205.41000000003, 'loss_deal_pnl_avrg': -11809.888}, 'holdings_stats': {'gross_pnl': 130451.0, 'commission': 16303.41, 'pnl': 114147.59000000011}}}}
# 19 from 20; {'stratagy_params': {'avg_price_period': 5, 'channel_period': 90}, 'stratagy_posSizer_params': {'mpr': 1.9000000000000001}, 'stratagy_stats': {'total': {'koefs': {'win_rate': 0.4106, 'expected_payoff': 1786.47, 'expected_payoff_probability': 0.14706, 'breakeven': 0.35813, 'breakeven_tradeoff': -1.426, 'profit_factor': 1.249, 'APR': 0.51981, 'DD_pct': 157978.2999999998, 'DD_pct_date': datetime.datetime(2024, 9, 13, 16, 45), 'DD_pct_duration': datetime.timedelta(days=66, seconds=74100), 'DD_pcr': 0.15276, 'DD_pcr_date': datetime.datetime(2024, 4, 9, 10, 10), 'DD_pcr_duration': datetime.timedelta(days=66, seconds=74100), 'APR/DD_factor': 3.403, 'recovery_factor': 1.707, 'sharp_ratio': 0.108, 'sortino_ratio': 0.139, 'var': -20081.073}, 'deals_stats': {'deals_count': 151, 'deals_gross_pnl': 312886.0, 'commission': 43149.34, 'deals_pnl': 269736.66, 'win_deals_count': 62, 'win_deals_gross_pnl': 1368246.0, 'win_commission': 17326.06, 'win_deals_pnl': 1350919.94, 'loss_deals_count': 89, 'loss_deals_gross_pnl': -1055360.0, 'loss_commission': 25823.28, 'loss_deals_pnl': -1081183.28, 'deal_pnl_avrg': 1786.335, 'deals_return': 0.26974, 'deals_return_avg': 0.00179, 'win_deal_pnl_avrg': 21789.031, 'loss_deal_pnl_avrg': -12148.127}, 'holdings_stats': {'gross_pnl': 312886.0, 'commission': 43149.34, 'pnl': 269736.66000000003, 'duration': datetime.timedelta(days=189, seconds=35100), 'start_date': datetime.datetime(2024, 3, 14, 9, 0), 'last_bar_datetime': datetime.datetime(2024, 9, 19, 18, 45)}}, 'Si-6.24.txt': {'deals_stats': {'deals_count': 79, 'deals_gross_pnl': 173565.0, 'commission': 25852.170000000002, 'deals_pnl': 147712.83, 'deal_pnl_avrg': 1869.783, 'deals_return': 0.14771, 'deals_return_avg': 0.00187, 'win_deals_count': 31, 'win_deals_gross_pnl': 724348.0, 'win_commission': 9990.710000000001, 'win_deals_pnl': 714357.29, 'win_deal_pnl_avrg': 23043.784, 'loss_deals_count': 48, 'loss_deals_gross_pnl': -550783.0, 'loss_commission': 15861.46, 'loss_deals_pnl': -566644.46, 'loss_deal_pnl_avrg': -11805.093}, 'holdings_stats': {'gross_pnl': 173565.0, 'commission': 25852.17, 'pnl': 147712.83000000002}}, 'Si-9.24.txt': {'deals_stats': {'deals_count': 72, 'deals_gross_pnl': 139321.0, 'commission': 17297.17, 'deals_pnl': 122023.83, 'deal_pnl_avrg': 1694.775, 'deals_return': 0.12852, 'deals_return_avg': 0.00178, 'win_deals_count': 31, 'win_deals_gross_pnl': 643898.0, 'win_commission': 7335.35, 'win_deals_pnl': 636562.65, 'win_deal_pnl_avrg': 20534.279, 'loss_deals_count': 41, 'loss_deals_gross_pnl': -504577.0, 'loss_commission': 9961.82, 'loss_deals_pnl': -514538.82, 'loss_deal_pnl_avrg': -12549.727}, 'holdings_stats': {'gross_pnl': 139321.0, 'commission': 17297.17, 'pnl': 122023.83000000003}}}}
# 20 from 20; {'stratagy_params': {'avg_price_period': 5, 'channel_period': 90}, 'stratagy_posSizer_params': {'mpr': 2.0}, 'stratagy_stats': {'total': {'koefs': {'win_rate': 0.4106, 'expected_payoff': 1857.568, 'expected_payoff_probability': 0.145, 'breakeven': 0.35311, 'breakeven_tradeoff': -1.431, 'profit_factor': 1.246, 'APR': 0.54049, 'DD_pct': 166842.9200000004, 'DD_pct_date': datetime.datetime(2024, 9, 13, 16, 45), 'DD_pct_duration': datetime.timedelta(days=66, seconds=74700), 'DD_pcr': 0.15919, 'DD_pcr_date': datetime.datetime(2024, 4, 9, 10, 10), 'DD_pcr_duration': datetime.timedelta(days=66, seconds=74700), 'APR/DD_factor': 3.395, 'recovery_factor': 1.681, 'sharp_ratio': 0.108, 'sortino_ratio': 0.139, 'var': -21283.624}, 'deals_stats': {'deals_count': 151, 'deals_gross_pnl': 325718.0, 'commission': 45246.759999999995, 'deals_pnl': 280471.24, 'win_deals_count': 62, 'win_deals_gross_pnl': 1438806.0, 'win_commission': 18144.53, 'win_deals_pnl': 1420661.4700000002, 'loss_deals_count': 89, 'loss_deals_gross_pnl': -1113088.0, 'loss_commission': 27102.23, 'loss_deals_pnl': -1140190.23, 'deal_pnl_avrg': 1857.425, 'deals_return': 0.28047, 'deals_return_avg': 0.00186, 'win_deal_pnl_avrg': 22913.895, 'loss_deal_pnl_avrg': -12811.126}, 'holdings_stats': {'gross_pnl': 325718.0, 'commission': 45246.759999999995, 'pnl': 280471.24, 'duration': datetime.timedelta(days=189, seconds=35100), 'start_date': datetime.datetime(2024, 3, 14, 9, 0), 'last_bar_datetime': datetime.datetime(2024, 9, 19, 18, 45)}}, 'Si-6.24.txt': {'deals_stats': {'deals_count': 79, 'deals_gross_pnl': 178700.0, 'commission': 26918.78, 'deals_pnl': 151781.22, 'deal_pnl_avrg': 1921.281, 'deals_return': 0.15178, 'deals_return_avg': 0.00192, 'win_deals_count': 31, 'win_deals_gross_pnl': 755880.0, 'win_commission': 10364.94, 'win_deals_pnl': 745515.06, 'win_deal_pnl_avrg': 24048.873, 'loss_deals_count': 48, 'loss_deals_gross_pnl': -577180.0, 'loss_commission': 16553.84, 'loss_deals_pnl': -593733.84, 'loss_deal_pnl_avrg': -12369.455}, 'holdings_stats': {'gross_pnl': 178700.0, 'commission': 26918.78, 'pnl': 151781.21999999997}}, 'Si-9.24.txt': {'deals_stats': {'deals_count': 72, 'deals_gross_pnl': 147018.0, 'commission': 18327.98, 'deals_pnl': 128690.02000000002, 'deal_pnl_avrg': 1787.361, 'deals_return': 0.13675, 'deals_return_avg': 0.0019, 'win_deals_count': 31, 'win_deals_gross_pnl': 682926.0, 'win_commission': 7779.59, 'win_deals_pnl': 675146.41, 'win_deal_pnl_avrg': 21778.916, 'loss_deals_count': 41, 'loss_deals_gross_pnl': -535908.0, 'loss_commission': 10548.39, 'loss_deals_pnl': -546456.39, 'loss_deal_pnl_avrg': -13328.205}, 'holdings_stats': {'gross_pnl': 147018.0, 'commission': 18327.98, 'pnl': 128690.02000000002}}}}
