# 2 from 5; {'stratagy_params': {'channel_period': 215, 'avg_price_period': 9}, 'stratagy_posSizer_params': {'mpr': 1.5}, 'stratagy_stats': {'total': {'koefs': {'win_rate': 0.41558, 'expected_payoff': 1404.207, 'expected_payoff_probability': 0.27514, 'breakeven': 0.66209, 'breakeven_tradeoff': -1.1, 'profit_factor': 1.471, 'APR': 0.2083723, 'DD_pct': 61073.64999999979, 'DD_pct_date': '2024-08-05 11:28:00', 'DD_pct_duration': '90 days', 'DD_pcr': 0.09407, 'DD_pcr_date': '2024-08-05 11:28:00', 'DD_pcr_duration': '90 days', 'APR/DD_factor': 2.215, 'recovery_factor': 1.77, 'sharp_ratio': 0.13, 'sortino_ratio': 0.168, 'var': -3543.587}, 'deals_stats': {'deals_count': 77, 'deals_gross_pnl': 113946.0, 'commission': 5816.76, 'deals_pnl': 108129.24, 'win_deals_count': 32, 'win_deals_gross_pnl': 340368.0, 'win_commission': 2578.57, 'win_deals_pnl': 337789.43, 'loss_deals_count': 45, 'loss_deals_gross_pnl': -226422.0, 'loss_commission': 3238.19, 'loss_deals_pnl': -229660.19, 'deal_pnl_avrg': 1404.276, 'deals_return': 0.10813, 'deals_return_avg': 0.0014, 'win_deal_pnl_avrg': 10555.92, 'loss_deal_pnl_avrg': -5103.56}, 'holdings_stats': {'gross_pnl': 113946.0, 'commission': 5816.76, 'pnl': 108129.24, 'long_gross_pnl': -11247.0, 'long_commission': 2862.34, 'long_pnl': -14109.34, 'short_gross_pnl': 125193.0, 'short_commission': 2954.42, 'short_pnl': 122238.57999999999, 'duration': '189 days', 'start_date': '2024-03-14 09:00:00', 'last_bar_datetime': '2024-09-19 18:48:00'}}, 'Si-6.24.txt': {'koefs': {'win_rate': 0.45714, 'expected_payoff': 3790.385, 'expected_payoff_probability': 0.78405, 'breakeven': 1.71514, 'breakeven_tradeoff': 0.103, 'profit_factor': 2.444}, 'deals_stats': {'deals_count': 35, 'deals_gross_pnl': 135833.0, 'commission': 3167.64, 'deals_pnl': 132665.36, 'deal_pnl_avrg': 3790.439, 'deals_return': 0.26533, 'deals_return_avg': 0.00758, 'win_deals_count': 16, 'win_deals_gross_pnl': 226080.0, 'win_commission': 1561.8700000000001, 'win_deals_pnl': 224518.13, 'win_deal_pnl_avrg': 14032.383, 'loss_deals_count': 19, 'loss_deals_gross_pnl': -90247.0, 'loss_commission': 1605.77, 'loss_deals_pnl': -91852.77, 'loss_deal_pnl_avrg': -4834.356}, 'holdings_stats': {'gross_pnl': 135833.0, 'commission': 3167.64, 'pnl': 132665.36, 'long_gross_pnl': -19383.0, 'long_commission': 1585.0, 'long_pnl': -20968.0, 'short_gross_pnl': 155216.0, 'short_commission': 1582.6399999999999, 'short_pnl': 153633.36}}, 'Si-9.24.txt': {'koefs': {'win_rate': 0.38095, 'expected_payoff': -584.223, 'expected_payoff_probability': -0.11022, 'breakeven': -0.28933, 'breakeven_tradeoff': -2.224, 'profit_factor': 0.822}, 'deals_stats': {'deals_count': 42, 'deals_gross_pnl': -21887.0, 'commission': 2649.12, 'deals_pnl': -24536.12, 'deal_pnl_avrg': -584.193, 'deals_return': -0.05202, 'deals_return_avg': -0.00124, 'win_deals_count': 16, 'win_deals_gross_pnl': 114288.0, 'win_commission': 1016.7, 'win_deals_pnl': 113271.3, 'win_deal_pnl_avrg': 7079.456, 'loss_deals_count': 26, 'loss_deals_gross_pnl': -136175.0, 'loss_commission': 1632.42, 'loss_deals_pnl': -137807.42, 'loss_deal_pnl_avrg': -5300.285}, 'holdings_stats': {'gross_pnl': -21887.0, 'commission': 2649.12, 'pnl': -24536.12, 'long_gross_pnl': 8136.0, 'long_commission': 1277.34, 'long_pnl': 6858.66, 'short_gross_pnl': -30023.0, 'short_commission': 1371.78, 'short_pnl': -31394.78}}}}
# 1 from 5; {'stratagy_params': {'channel_period': 215, 'avg_price_period': 4}, 'stratagy_posSizer_params': {'mpr': 1.5}, 'stratagy_stats': {'total': {'koefs': {'win_rate': 0.39437, 'expected_payoff': 1682.23, 'expected_payoff_probability': 0.34091, 'breakeven': 0.86442, 'breakeven_tradeoff': -0.997, 'profit_factor': 1.563, 'APR': 0.230148, 'DD_pct': 53297.590000000084, 'DD_pct_date': '2024-06-17 11:20:00', 'DD_pct_duration': '74 days', 'DD_pcr': 0.08901, 'DD_pcr_date': '2024-06-17 11:20:00', 'DD_pcr_duration': '74 days', 'APR/DD_factor': 2.586, 'recovery_factor': 2.241, 'sharp_ratio': 0.148, 'sortino_ratio': 0.192, 'var': -3284.008}, 'deals_stats': {'deals_count': 71, 'deals_gross_pnl': 124531.0, 'commission': 5097.219999999999, 'deals_pnl': 119433.78, 'win_deals_count': 28, 'win_deals_gross_pnl': 333808.0, 'win_commission': 2190.35, 'win_deals_pnl': 331617.65, 'loss_deals_count': 43, 'loss_deals_gross_pnl': -209277.0, 'loss_commission': 2906.87, 'loss_deals_pnl': -212183.87, 'deal_pnl_avrg': 1682.166, 'deals_return': 0.11943, 'deals_return_avg': 0.00168, 'win_deal_pnl_avrg': 11843.488, 'loss_deal_pnl_avrg': -4934.509}, 'holdings_stats': {'gross_pnl': 124531.0, 'commission': 5097.219999999999, 'pnl': 119433.78, 'long_gross_pnl': -4896.0, 'long_commission': 2488.8, 'long_pnl': -7384.799999999999, 'short_gross_pnl': 129427.0, 'short_commission': 2608.42, 'short_pnl': 126818.57999999999, 'duration': '189 days', 'start_date': '2024-03-14 09:00:00', 'last_bar_datetime': '2024-09-19 18:48:00'}}, 'Si-6.24.txt': {'koefs': {'win_rate': 0.42424, 'expected_payoff': 3860.97, 'expected_payoff_probability': 0.77896, 'breakeven': 1.83614, 'breakeven_tradeoff': 0.109, 'profit_factor': 2.353}, 'deals_stats': {'deals_count': 33, 'deals_gross_pnl': 130222.0, 'commission': 2808.33, 'deals_pnl': 127413.67, 'deal_pnl_avrg': 3861.02, 'deals_return': 0.25483, 'deals_return_avg': 0.00772, 'win_deals_count': 14, 'win_deals_gross_pnl': 222925.0, 'win_commission': 1336.32, 'win_deals_pnl': 221588.68, 'win_deal_pnl_avrg': 15827.763, 'loss_deals_count': 19, 'loss_deals_gross_pnl': -92703.0, 'loss_commission': 1472.01, 'loss_deals_pnl': -94175.01, 'loss_deal_pnl_avrg': -4956.579}, 'holdings_stats': {'gross_pnl': 130222.0, 'commission': 2808.33, 'pnl': 127413.67, 'long_gross_pnl': -21260.0, 'long_commission': 1403.94, 'long_pnl': -22663.94, 'short_gross_pnl': 151482.0, 'short_commission': 1404.39, 'short_pnl': 150077.61}}, 'Si-9.24.txt': {'koefs': {'win_rate': 0.36842, 'expected_payoff': -210.011, 'expected_payoff_probability': -0.04271, 'breakeven': -0.11592, 'breakeven_tradeoff': -2.127, 'profit_factor': 0.932}, 'deals_stats': {'deals_count': 38, 'deals_gross_pnl': -5691.0, 'commission': 2288.89, 'deals_pnl': -7979.89, 'deal_pnl_avrg': -209.997, 'deals_return': -0.01711, 'deals_return_avg': -0.00045, 'win_deals_count': 14, 'win_deals_gross_pnl': 110883.0, 'win_commission': 854.03, 'win_deals_pnl': 110028.97, 'win_deal_pnl_avrg': 7859.212, 'loss_deals_count': 24, 'loss_deals_gross_pnl': -116574.0, 'loss_commission': 1434.86, 'loss_deals_pnl': -118008.86, 'loss_deal_pnl_avrg': -4917.036}, 'holdings_stats': {'gross_pnl': -5691.0, 'commission': 2288.89, 'pnl': -7979.89, 'long_gross_pnl': 16364.0, 'long_commission': 1084.86, 'long_pnl': 15279.14, 'short_gross_pnl': -22055.0, 'short_commission': 1204.03, 'short_pnl': -23259.03}}}}
# 5 from 5; {'stratagy_params': {'channel_period': 215, 'avg_price_period': 7}, 'stratagy_posSizer_params': {'mpr': 1.5}, 'stratagy_stats': {'total': {'koefs': {'win_rate': 0.41558, 'expected_payoff': 1415.938, 'expected_payoff_probability': 0.27432, 'breakeven': 0.66012, 'breakeven_tradeoff': -1.102, 'profit_factor': 1.469, 'APR': 0.2101066, 'DD_pct': 74087.2599999999, 'DD_pct_date': '2024-08-12 11:04:00', 'DD_pct_duration': '90 days', 'DD_pcr': 0.1122, 'DD_pcr_date': '2024-08-12 11:04:00', 'DD_pcr_duration': '90 days', 'APR/DD_factor': 1.873, 'recovery_factor': 1.472, 'sharp_ratio': 0.132, 'sortino_ratio': 0.171, 'var': -3525.613}, 'deals_stats': {'deals_count': 77, 'deals_gross_pnl': 114691.0, 'commission': 5658.34, 'deals_pnl': 109032.66, 'win_deals_count': 32, 'win_deals_gross_pnl': 343811.0, 'win_commission': 2507.44, 'win_deals_pnl': 341303.56, 'loss_deals_count': 45, 'loss_deals_gross_pnl': -229120.0, 'loss_commission': 3150.9, 'loss_deals_pnl': -232270.9, 'deal_pnl_avrg': 1416.009, 'deals_return': 0.10903, 'deals_return_avg': 0.00142, 'win_deal_pnl_avrg': 10665.736, 'loss_deal_pnl_avrg': -5161.576}, 'holdings_stats': {'gross_pnl': 114691.0, 'commission': 5658.34, 'pnl': 109032.66, 'long_gross_pnl': -2110.0, 'long_commission': 2769.99, 'long_pnl': -4879.99, 'short_gross_pnl': 116801.0, 'short_commission': 2888.35, 'short_pnl': 113912.65, 'duration': '189 days', 'start_date': '2024-03-14 09:00:00', 'last_bar_datetime': '2024-09-19 18:48:00'}}, 'Si-6.24.txt': {'koefs': {'win_rate': 0.45455, 'expected_payoff': 4356.213, 'expected_payoff_probability': 0.91796, 'breakeven': 2.01947, 'breakeven_tradeoff': 0.399, 'profit_factor': 2.683}, 'deals_stats': {'deals_count': 33, 'deals_gross_pnl': 146634.0, 'commission': 2881.9500000000003, 'deals_pnl': 143752.05, 'deal_pnl_avrg': 4356.123, 'deals_return': 0.2875, 'deals_return_avg': 0.00871, 'win_deals_count': 15, 'win_deals_gross_pnl': 230614.0, 'win_commission': 1442.18, 'win_deals_pnl': 229171.82, 'win_deal_pnl_avrg': 15278.121, 'loss_deals_count': 18, 'loss_deals_gross_pnl': -83980.0, 'loss_commission': 1439.77, 'loss_deals_pnl': -85419.77, 'loss_deal_pnl_avrg': -4745.543}, 'holdings_stats': {'gross_pnl': 146634.0, 'commission': 2881.95, 'pnl': 143752.05, 'long_gross_pnl': -14587.0, 'long_commission': 1425.72, 'long_pnl': -16012.72, 'short_gross_pnl': 161221.0, 'short_commission': 1456.23, 'short_pnl': 159764.77}}, 'Si-9.24.txt': {'koefs': {'win_rate': 0.38636, 'expected_payoff': -789.121, 'expected_payoff_probability': -0.14509, 'breakeven': -0.3755, 'breakeven_tradeoff': -2.279, 'profit_factor': 0.764}, 'deals_stats': {'deals_count': 44, 'deals_gross_pnl': -31943.0, 'commission': 2776.39, 'deals_pnl': -34719.39, 'deal_pnl_avrg': -789.077, 'deals_return': -0.07192, 'deals_return_avg': -0.00163, 'win_deals_count': 17, 'win_deals_gross_pnl': 113197.0, 'win_commission': 1065.26, 'win_deals_pnl': 112131.74, 'win_deal_pnl_avrg': 6595.985, 'loss_deals_count': 27, 'loss_deals_gross_pnl': -145140.0, 'loss_commission': 1711.13, 'loss_deals_pnl': -146851.13, 'loss_deal_pnl_avrg': -5438.931}, 'holdings_stats': {'gross_pnl': -31943.0, 'commission': 2776.39, 'pnl': -34719.39, 'long_gross_pnl': 12477.0, 'long_commission': 1344.27, 'long_pnl': 11132.73, 'short_gross_pnl': -44420.0, 'short_commission': 1432.12, 'short_pnl': -45852.12}}}}
# 3 from 5; {'stratagy_params': {'channel_period': 215, 'avg_price_period': 20}, 'stratagy_posSizer_params': {'mpr': 1.5}, 'stratagy_stats': {'total': {'koefs': {'win_rate': 0.37647, 'expected_payoff': 1581.84, 'expected_payoff_probability': 0.27386, 'breakeven': 0.72744, 'breakeven_tradeoff': -1.233, 'profit_factor': 1.439, 'APR': 0.2591116, 'DD_pct': 115448.34999999998, 'DD_pct_date': '2024-08-12 13:00:00', 'DD_pct_duration': '72 days', 'DD_pcr': 0.16191, 'DD_pcr_date': '2024-08-12 13:00:00', 'DD_pcr_duration': '72 days', 'APR/DD_factor': 1.6, 'recovery_factor': 1.165, 'sharp_ratio': 0.137, 'sortino_ratio': 0.177, 'var': -4375.777}, 'deals_stats': {'deals_count': 85, 'deals_gross_pnl': 142617.0, 'commission': 8159.5599999999995, 'deals_pnl': 134457.44, 'win_deals_count': 32, 'win_deals_gross_pnl': 443757.0, 'win_commission': 3165.86, 'win_deals_pnl': 440591.14, 'loss_deals_count': 53, 'loss_deals_gross_pnl': -301140.0, 'loss_commission': 4993.7, 'loss_deals_pnl': -306133.7, 'deal_pnl_avrg': 1581.852, 'deals_return': 0.13446, 'deals_return_avg': 0.00158, 'win_deal_pnl_avrg': 13768.473, 'loss_deal_pnl_avrg': -5776.108}, 'holdings_stats': {'gross_pnl': 142617.0, 'commission': 8159.5599999999995, 'pnl': 134457.44, 'long_gross_pnl': 3703.0, 'long_commission': 4052.85, 'long_pnl': -349.84999999999945, 'short_gross_pnl': 138914.0, 'short_commission': 4106.71, 'short_pnl': 134807.28999999998, 'duration': '189 days', 'start_date': '2024-03-14 09:00:00', 'last_bar_datetime': '2024-09-19 18:48:00'}}, 'Si-6.24.txt': {'koefs': {'win_rate': 0.43243, 'expected_payoff': 4953.339, 'expected_payoff_probability': 0.96029, 'breakeven': 2.22069, 'breakeven_tradeoff': 0.525, 'profit_factor': 2.692}, 'deals_stats': {'deals_count': 37, 'deals_gross_pnl': 187421.0, 'commission': 4145.34, 'deals_pnl': 183275.66, 'deal_pnl_avrg': 4953.396, 'deals_return': 0.36655, 'deals_return_avg': 0.00991, 'win_deals_count': 16, 'win_deals_gross_pnl': 293527.0, 'win_commission': 1929.44, 'win_deals_pnl': 291597.56, 'win_deal_pnl_avrg': 18224.847, 'loss_deals_count': 21, 'loss_deals_gross_pnl': -106106.0, 'loss_commission': 2215.9, 'loss_deals_pnl': -108321.9, 'loss_deal_pnl_avrg': -5158.186}, 'holdings_stats': {'gross_pnl': 187421.0, 'commission': 4145.34, 'pnl': 183275.66, 'long_gross_pnl': -4642.0, 'long_commission': 2086.7, 'long_pnl': -6728.7, 'short_gross_pnl': 192063.0, 'short_commission': 2058.64, 'short_pnl': 190004.36}}, 'Si-9.24.txt': {'koefs': {'win_rate': 0.33333, 'expected_payoff': -1017.098, 'expected_payoff_probability': -0.16454, 'breakeven': -0.49358, 'breakeven_tradeoff': -2.779, 'profit_factor': 0.753}, 'deals_stats': {'deals_count': 48, 'deals_gross_pnl': -44804.0, 'commission': 4014.22, 'deals_pnl': -48818.22, 'deal_pnl_avrg': -1017.046, 'deals_return': -0.09813, 'deals_return_avg': -0.00204, 'win_deals_count': 16, 'win_deals_gross_pnl': 150230.0, 'win_commission': 1236.42, 'win_deals_pnl': 148993.58, 'win_deal_pnl_avrg': 9312.099, 'loss_deals_count': 32, 'loss_deals_gross_pnl': -195034.0, 'loss_commission': 2777.8, 'loss_deals_pnl': -197811.8, 'loss_deal_pnl_avrg': -6181.619}, 'holdings_stats': {'gross_pnl': -44804.0, 'commission': 4014.22, 'pnl': -48818.22, 'long_gross_pnl': 8345.0, 'long_commission': 1966.15, 'long_pnl': 6378.85, 'short_gross_pnl': -53149.0, 'short_commission': 2048.07, 'short_pnl': -55197.07}}}}
# 4 from 5; {'stratagy_params': {'channel_period': 215, 'avg_price_period': 20}, 'stratagy_posSizer_params': {'mpr': 1.5}, 'stratagy_stats': {'total': {'koefs': {'win_rate': 0.37647, 'expected_payoff': 1581.84, 'expected_payoff_probability': 0.27386, 'breakeven': 0.72744, 'breakeven_tradeoff': -1.233, 'profit_factor': 1.439, 'APR': 0.2591116, 'DD_pct': 115448.34999999998, 'DD_pct_date': '2024-08-12 13:00:00', 'DD_pct_duration': '72 days', 'DD_pcr': 0.16191, 'DD_pcr_date': '2024-08-12 13:00:00', 'DD_pcr_duration': '72 days', 'APR/DD_factor': 1.6, 'recovery_factor': 1.165, 'sharp_ratio': 0.137, 'sortino_ratio': 0.177, 'var': -4375.777}, 'deals_stats': {'deals_count': 85, 'deals_gross_pnl': 142617.0, 'commission': 8159.5599999999995, 'deals_pnl': 134457.44, 'win_deals_count': 32, 'win_deals_gross_pnl': 443757.0, 'win_commission': 3165.86, 'win_deals_pnl': 440591.14, 'loss_deals_count': 53, 'loss_deals_gross_pnl': -301140.0, 'loss_commission': 4993.7, 'loss_deals_pnl': -306133.7, 'deal_pnl_avrg': 1581.852, 'deals_return': 0.13446, 'deals_return_avg': 0.00158, 'win_deal_pnl_avrg': 13768.473, 'loss_deal_pnl_avrg': -5776.108}, 'holdings_stats': {'gross_pnl': 142617.0, 'commission': 8159.5599999999995, 'pnl': 134457.44, 'long_gross_pnl': 3703.0, 'long_commission': 4052.85, 'long_pnl': -349.84999999999945, 'short_gross_pnl': 138914.0, 'short_commission': 4106.71, 'short_pnl': 134807.28999999998, 'duration': '189 days', 'start_date': '2024-03-14 09:00:00', 'last_bar_datetime': '2024-09-19 18:48:00'}}, 'Si-6.24.txt': {'koefs': {'win_rate': 0.43243, 'expected_payoff': 4953.339, 'expected_payoff_probability': 0.96029, 'breakeven': 2.22069, 'breakeven_tradeoff': 0.525, 'profit_factor': 2.692}, 'deals_stats': {'deals_count': 37, 'deals_gross_pnl': 187421.0, 'commission': 4145.34, 'deals_pnl': 183275.66, 'deal_pnl_avrg': 4953.396, 'deals_return': 0.36655, 'deals_return_avg': 0.00991, 'win_deals_count': 16, 'win_deals_gross_pnl': 293527.0, 'win_commission': 1929.44, 'win_deals_pnl': 291597.56, 'win_deal_pnl_avrg': 18224.847, 'loss_deals_count': 21, 'loss_deals_gross_pnl': -106106.0, 'loss_commission': 2215.9, 'loss_deals_pnl': -108321.9, 'loss_deal_pnl_avrg': -5158.186}, 'holdings_stats': {'gross_pnl': 187421.0, 'commission': 4145.34, 'pnl': 183275.66, 'long_gross_pnl': -4642.0, 'long_commission': 2086.7, 'long_pnl': -6728.7, 'short_gross_pnl': 192063.0, 'short_commission': 2058.64, 'short_pnl': 190004.36}}, 'Si-9.24.txt': {'koefs': {'win_rate': 0.33333, 'expected_payoff': -1017.098, 'expected_payoff_probability': -0.16454, 'breakeven': -0.49358, 'breakeven_tradeoff': -2.779, 'profit_factor': 0.753}, 'deals_stats': {'deals_count': 48, 'deals_gross_pnl': -44804.0, 'commission': 4014.22, 'deals_pnl': -48818.22, 'deal_pnl_avrg': -1017.046, 'deals_return': -0.09813, 'deals_return_avg': -0.00204, 'win_deals_count': 16, 'win_deals_gross_pnl': 150230.0, 'win_commission': 1236.42, 'win_deals_pnl': 148993.58, 'win_deal_pnl_avrg': 9312.099, 'loss_deals_count': 32, 'loss_deals_gross_pnl': -195034.0, 'loss_commission': 2777.8, 'loss_deals_pnl': -197811.8, 'loss_deal_pnl_avrg': -6181.619}, 'holdings_stats': {'gross_pnl': -44804.0, 'commission': 4014.22, 'pnl': -48818.22, 'long_gross_pnl': 8345.0, 'long_commission': 1966.15, 'long_pnl': 6378.85, 'short_gross_pnl': -53149.0, 'short_commission': 2048.07, 'short_pnl': -55197.07}}}}
# 3 from 5; {'stratagy_params': {'channel_period': 215, 'avg_price_period': 12}, 'stratagy_posSizer_params': {'mpr': 1.5}, 'stratagy_stats': {'total': {'koefs': {'win_rate': 0.41558, 'expected_payoff': 1686.792, 'expected_payoff_probability': 0.31988, 'breakeven': 0.76975, 'breakeven_tradeoff': -0.993, 'profit_factor': 1.547, 'APR': 0.250305, 'DD_pct': 63031.24999999988, 'DD_pct_date': '2024-08-05 11:28:00', 'DD_pct_duration': '90 days', 'DD_pcr': 0.09488, 'DD_pcr_date': '2024-08-05 11:28:00', 'DD_pcr_duration': '90 days', 'APR/DD_factor': 2.638, 'recovery_factor': 2.061, 'sharp_ratio': 0.146, 'sortino_ratio': 0.189, 'var': -3863.747}, 'deals_stats': {'deals_count': 77, 'deals_gross_pnl': 136080.0, 'commission': 6191.3099999999995, 'deals_pnl': 129888.69, 'win_deals_count': 32, 'win_deals_gross_pnl': 369933.0, 'win_commission': 2752.3199999999997, 'win_deals_pnl': 367180.68, 'loss_deals_count': 45, 'loss_deals_gross_pnl': -233853.0, 'loss_commission': 3438.99, 'loss_deals_pnl': -237291.99, 'deal_pnl_avrg': 1686.866, 'deals_return': 0.12989, 'deals_return_avg': 0.00169, 'win_deal_pnl_avrg': 11474.396, 'loss_deal_pnl_avrg': -5273.155}, 'holdings_stats': {'gross_pnl': 136080.0, 'commission': 6191.3099999999995, 'pnl': 129888.69, 'long_gross_pnl': 2396.0, 'long_commission': 3046.35, 'long_pnl': -650.3500000000022, 'short_gross_pnl': 133684.0, 'short_commission': 3144.96, 'short_pnl': 130539.04, 'duration': '189 days', 'start_date': '2024-03-14 09:00:00', 'last_bar_datetime': '2024-09-19 18:48:00'}}, 'Si-6.24.txt': {'koefs': {'win_rate': 0.45714, 'expected_payoff': 4221.539, 'expected_payoff_probability': 0.83607, 'breakeven': 1.82892, 'breakeven_tradeoff': 0.216, 'profit_factor': 2.54}, 'deals_stats': {'deals_count': 35, 'deals_gross_pnl': 151085.0, 'commission': 3329.12, 'deals_pnl': 147755.88, 'deal_pnl_avrg': 4221.597, 'deals_return': 0.29551, 'deals_return_avg': 0.00844, 'win_deals_count': 16, 'win_deals_gross_pnl': 245358.0, 'win_commission': 1665.66, 'win_deals_pnl': 243692.34, 'win_deal_pnl_avrg': 15230.771, 'loss_deals_count': 19, 'loss_deals_gross_pnl': -94273.0, 'loss_commission': 1663.46, 'loss_deals_pnl': -95936.46, 'loss_deal_pnl_avrg': -5049.287}, 'holdings_stats': {'gross_pnl': 151085.0, 'commission': 3329.12, 'pnl': 147755.88, 'long_gross_pnl': -15171.0, 'long_commission': 1675.33, 'long_pnl': -16846.33, 'short_gross_pnl': 166256.0, 'short_commission': 1653.79, 'short_pnl': 164602.21}}, 'Si-9.24.txt': {'koefs': {'win_rate': 0.38095, 'expected_payoff': -425.441, 'expected_payoff_probability': -0.07825, 'breakeven': -0.2054, 'breakeven_tradeoff': -2.14, 'profit_factor': 0.874}, 'deals_stats': {'deals_count': 42, 'deals_gross_pnl': -15005.0, 'commission': 2862.19, 'deals_pnl': -17867.19, 'deal_pnl_avrg': -425.409, 'deals_return': -0.03671, 'deals_return_avg': -0.00087, 'win_deals_count': 16, 'win_deals_gross_pnl': 124575.0, 'win_commission': 1086.6599999999999, 'win_deals_pnl': 123488.34, 'win_deal_pnl_avrg': 7718.021, 'loss_deals_count': 26, 'loss_deals_gross_pnl': -139580.0, 'loss_commission': 1775.53, 'loss_deals_pnl': -141355.53, 'loss_deal_pnl_avrg': -5436.751}, 'holdings_stats': {'gross_pnl': -15005.0, 'commission': 2862.19, 'pnl': -17867.19, 'long_gross_pnl': 17567.0, 'long_commission': 1371.02, 'long_pnl': 16195.98, 'short_gross_pnl': -32572.0, 'short_commission': 1491.17, 'short_pnl': -34063.17}}}}
# 5 from 5; {'stratagy_params': {'channel_period': 215, 'avg_price_period': 10}, 'stratagy_posSizer_params': {'mpr': 1.5}, 'stratagy_stats': {'total': {'koefs': {'win_rate': 0.41558, 'expected_payoff': 1510.619, 'expected_payoff_probability': 0.29793, 'breakeven': 0.71693, 'breakeven_tradeoff': -1.046, 'profit_factor': 1.51, 'APR': 0.2241549, 'DD_pct': 58883.159999999916, 'DD_pct_date': '2024-08-05 11:28:00', 'DD_pct_duration': '90 days', 'DD_pcr': 0.09025, 'DD_pcr_date': '2024-08-05 11:28:00', 'DD_pcr_duration': '90 days', 'APR/DD_factor': 2.484, 'recovery_factor': 1.975, 'sharp_ratio': 0.137, 'sortino_ratio': 0.178, 'var': -3659.637}, 'deals_stats': {'deals_count': 77, 'deals_gross_pnl': 122229.0, 'commission': 5905.969999999999, 'deals_pnl': 116323.03, 'win_deals_count': 32, 'win_deals_gross_pnl': 347113.0, 'win_commission': 2623.67, 'win_deals_pnl': 344489.33, 'loss_deals_count': 45, 'loss_deals_gross_pnl': -224884.0, 'loss_commission': 3282.3, 'loss_deals_pnl': -228166.3, 'deal_pnl_avrg': 1510.689, 'deals_return': 0.11632, 'deals_return_avg': 0.00151, 'win_deal_pnl_avrg': 10765.292, 'loss_deal_pnl_avrg': -5070.362}, 'holdings_stats': {'gross_pnl': 122229.0, 'commission': 5905.969999999999, 'pnl': 116323.03, 'long_gross_pnl': -5313.0, 'long_commission': 2906.9700000000003, 'long_pnl': -8219.97, 'short_gross_pnl': 127542.0, 'short_commission': 2999.0, 'short_pnl': 124543.0, 'duration': '189 days', 'start_date': '2024-03-14 09:00:00', 'last_bar_datetime': '2024-09-19 18:48:00'}}, 'Si-6.24.txt': {'koefs': {'win_rate': 0.45714, 'expected_payoff': 3881.901, 'expected_payoff_probability': 0.80094, 'breakeven': 1.75208, 'breakeven_tradeoff': 0.14, 'profit_factor': 2.475}, 'deals_stats': {'deals_count': 35, 'deals_gross_pnl': 139075.0, 'commission': 3206.56, 'deals_pnl': 135868.44, 'deal_pnl_avrg': 3881.955, 'deals_return': 0.27174, 'deals_return_avg': 0.00776, 'win_deals_count': 16, 'win_deals_gross_pnl': 229550.0, 'win_commission': 1594.35, 'win_deals_pnl': 227955.65, 'win_deal_pnl_avrg': 14247.228, 'loss_deals_count': 19, 'loss_deals_gross_pnl': -90475.0, 'loss_commission': 1612.21, 'loss_deals_pnl': -92087.21, 'loss_deal_pnl_avrg': -4846.695}, 'holdings_stats': {'gross_pnl': 139075.0, 'commission': 3206.56, 'pnl': 135868.44, 'long_gross_pnl': -18694.0, 'long_commission': 1604.78, 'long_pnl': -20298.78, 'short_gross_pnl': 157769.0, 'short_commission': 1601.78, 'short_pnl': 156167.22}}, 'Si-9.24.txt': {'koefs': {'win_rate': 0.38095, 'expected_payoff': -465.397, 'expected_payoff_probability': -0.08892, 'breakeven': -0.2334, 'breakeven_tradeoff': -2.168, 'profit_factor': 0.856}, 'deals_stats': {'deals_count': 42, 'deals_gross_pnl': -16846.0, 'commission': 2699.41, 'deals_pnl': -19545.41, 'deal_pnl_avrg': -465.367, 'deals_return': -0.04116, 'deals_return_avg': -0.00098, 'win_deals_count': 16, 'win_deals_gross_pnl': 117563.0, 'win_commission': 1029.32, 'win_deals_pnl': 116533.68, 'win_deal_pnl_avrg': 7283.355, 'loss_deals_count': 26, 'loss_deals_gross_pnl': -134409.0, 'loss_commission': 1670.09, 'loss_deals_pnl': -136079.09, 'loss_deal_pnl_avrg': -5233.811}, 'holdings_stats': {'gross_pnl': -16846.0, 'commission': 2699.41, 'pnl': -19545.41, 'long_gross_pnl': 13381.0, 'long_commission': 1302.19, 'long_pnl': 12078.81, 'short_gross_pnl': -30227.0, 'short_commission': 1397.22, 'short_pnl': -31624.22}}}}
# 3 from 5; {'stratagy_params': {'channel_period': 215, 'avg_price_period': 17}, 'stratagy_posSizer_params': {'mpr': 1.5}, 'stratagy_stats': {'total': {'koefs': {'win_rate': 0.39759, 'expected_payoff': 1484.482, 'expected_payoff_probability': 0.262, 'breakeven': 0.65897, 'breakeven_tradeoff': -1.186, 'profit_factor': 1.435, 'APR': 0.2374323, 'DD_pct': 101917.45999999996, 'DD_pct_date': '2024-08-12 13:00:00', 'DD_pct_duration': '90 days', 'DD_pcr': 0.14713, 'DD_pcr_date': '2024-08-12 13:00:00', 'DD_pcr_duration': '90 days', 'APR/DD_factor': 1.614, 'recovery_factor': 1.209, 'sharp_ratio': 0.132, 'sortino_ratio': 0.171, 'var': -4284.458}, 'deals_stats': {'deals_count': 83, 'deals_gross_pnl': 130524.0, 'commission': 7311.43, 'deals_pnl': 123212.57, 'win_deals_count': 33, 'win_deals_gross_pnl': 409572.0, 'win_commission': 3060.6800000000003, 'win_deals_pnl': 406511.32, 'loss_deals_count': 50, 'loss_deals_gross_pnl': -279048.0, 'loss_commission': 4250.75, 'loss_deals_pnl': -283298.75, 'deal_pnl_avrg': 1484.489, 'deals_return': 0.12321, 'deals_return_avg': 0.00148, 'win_deal_pnl_avrg': 12318.525, 'loss_deal_pnl_avrg': -5665.975}, 'holdings_stats': {'gross_pnl': 130524.0, 'commission': 7311.43, 'pnl': 123212.57, 'long_gross_pnl': 3952.0, 'long_commission': 3606.26, 'long_pnl': 345.7400000000007, 'short_gross_pnl': 126572.0, 'short_commission': 3705.17, 'short_pnl': 122866.82999999999, 'duration': '189 days', 'start_date': '2024-03-14 09:00:00', 'last_bar_datetime': '2024-09-19 18:48:00'}}, 'Si-6.24.txt': {'koefs': {'win_rate': 0.45714, 'expected_payoff': 5032.42, 'expected_payoff_probability': 1.01363, 'breakeven': 2.21734, 'breakeven_tradeoff': 0.605, 'profit_factor': 2.867}, 'deals_stats': {'deals_count': 35, 'deals_gross_pnl': 179756.0, 'commission': 3619.11, 'deals_pnl': 176136.89, 'deal_pnl_avrg': 5032.483, 'deals_return': 0.35227, 'deals_return_avg': 0.01006, 'win_deals_count': 16, 'win_deals_gross_pnl': 272311.0, 'win_commission': 1843.76, 'win_deals_pnl': 270467.24, 'win_deal_pnl_avrg': 16904.202, 'loss_deals_count': 19, 'loss_deals_gross_pnl': -92555.0, 'loss_commission': 1775.35, 'loss_deals_pnl': -94330.35, 'loss_deal_pnl_avrg': -4964.755}, 'holdings_stats': {'gross_pnl': 179756.0, 'commission': 3619.11, 'pnl': 176136.89, 'long_gross_pnl': -5648.0, 'long_commission': 1801.07, 'long_pnl': -7449.07, 'short_gross_pnl': 185404.0, 'short_commission': 1818.04, 'short_pnl': 183585.96}}, 'Si-9.24.txt': {'koefs': {'win_rate': 0.35417, 'expected_payoff': -1102.543, 'expected_payoff_probability': -0.18087, 'breakeven': -0.51072, 'breakeven_tradeoff': -2.622, 'profit_factor': 0.72}, 'deals_stats': {'deals_count': 48, 'deals_gross_pnl': -49232.0, 'commission': 3692.3199999999997, 'deals_pnl': -52924.32, 'deal_pnl_avrg': -1102.59, 'deals_return': -0.10527, 'deals_return_avg': -0.00219, 'win_deals_count': 17, 'win_deals_gross_pnl': 137261.0, 'win_commission': 1216.92, 'win_deals_pnl': 136044.08, 'win_deal_pnl_avrg': 8002.593, 'loss_deals_count': 31, 'loss_deals_gross_pnl': -186493.0, 'loss_commission': 2475.4, 'loss_deals_pnl': -188968.4, 'loss_deal_pnl_avrg': -6095.755}, 'holdings_stats': {'gross_pnl': -49232.0, 'commission': 3692.3199999999997, 'pnl': -52924.32, 'long_gross_pnl': 9600.0, 'long_commission': 1805.19, 'long_pnl': 7794.81, 'short_gross_pnl': -58832.0, 'short_commission': 1887.1299999999999, 'short_pnl': -60719.13}}}}
# 5 from 5; {'stratagy_params': {'channel_period': 215, 'avg_price_period': 8}, 'stratagy_posSizer_params': {'mpr': 1.5}, 'stratagy_stats': {'total': {'koefs': {'win_rate': 0.41558, 'expected_payoff': 1376.588, 'expected_payoff_probability': 0.26681, 'breakeven': 0.64205, 'breakeven_tradeoff': -1.12, 'profit_factor': 1.457, 'APR': 0.2042677, 'DD_pct': 63554.31999999983, 'DD_pct_date': '2024-08-05 11:28:00', 'DD_pct_duration': '90 days', 'DD_pcr': 0.09757, 'DD_pcr_date': '2024-08-05 11:28:00', 'DD_pcr_duration': '90 days', 'APR/DD_factor': 2.094, 'recovery_factor': 1.668, 'sharp_ratio': 0.129, 'sortino_ratio': 0.167, 'var': -3407.007}, 'deals_stats': {'deals_count': 77, 'deals_gross_pnl': 111747.0, 'commission': 5744.389999999999, 'deals_pnl': 106002.61, 'win_deals_count': 32, 'win_deals_gross_pnl': 340727.0, 'win_commission': 2551.9, 'win_deals_pnl': 338175.1, 'loss_deals_count': 45, 'loss_deals_gross_pnl': -228980.0, 'loss_commission': 3192.49, 'loss_deals_pnl': -232172.49, 'deal_pnl_avrg': 1376.657, 'deals_return': 0.106, 'deals_return_avg': 0.00138, 'win_deal_pnl_avrg': 10567.972, 'loss_deal_pnl_avrg': -5159.389}, 'holdings_stats': {'gross_pnl': 111747.0, 'commission': 5744.389999999999, 'pnl': 106002.61, 'long_gross_pnl': -10751.0, 'long_commission': 2829.16, 'long_pnl': -13580.16, 'short_gross_pnl': 122498.0, 'short_commission': 2915.23, 'short_pnl': 119582.76999999999, 'duration': '189 days', 'start_date': '2024-03-14 09:00:00', 'last_bar_datetime': '2024-09-19 18:48:00'}}, 'Si-6.24.txt': {'koefs': {'win_rate': 0.45714, 'expected_payoff': 3851.148, 'expected_payoff_probability': 0.79363, 'breakeven': 1.73609, 'breakeven_tradeoff': 0.124, 'profit_factor': 2.462}, 'deals_stats': {'deals_count': 35, 'deals_gross_pnl': 137925.0, 'commission': 3132.91, 'deals_pnl': 134792.09, 'deal_pnl_avrg': 3851.203, 'deals_return': 0.26958, 'deals_return_avg': 0.0077, 'win_deals_count': 16, 'win_deals_gross_pnl': 228545.0, 'win_commission': 1554.16, 'win_deals_pnl': 226990.84, 'win_deal_pnl_avrg': 14186.927, 'loss_deals_count': 19, 'loss_deals_gross_pnl': -90620.0, 'loss_commission': 1578.75, 'loss_deals_pnl': -92198.75, 'loss_deal_pnl_avrg': -4852.566}, 'holdings_stats': {'gross_pnl': 137925.0, 'commission': 3132.91, 'pnl': 134792.09, 'long_gross_pnl': -17496.0, 'long_commission': 1576.84, 'long_pnl': -19072.84, 'short_gross_pnl': 155421.0, 'short_commission': 1556.07, 'short_pnl': 153864.93}}, 'Si-9.24.txt': {'koefs': {'win_rate': 0.38095, 'expected_payoff': -685.493, 'expected_payoff_probability': -0.12733, 'breakeven': -0.33423, 'breakeven_tradeoff': -2.269, 'profit_factor': 0.794}, 'deals_stats': {'deals_count': 42, 'deals_gross_pnl': -26178.0, 'commission': 2611.48, 'deals_pnl': -28789.48, 'deal_pnl_avrg': -685.464, 'deals_return': -0.06077, 'deals_return_avg': -0.00145, 'win_deals_count': 16, 'win_deals_gross_pnl': 112182.0, 'win_commission': 997.74, 'win_deals_pnl': 111184.26, 'win_deal_pnl_avrg': 6949.016, 'loss_deals_count': 26, 'loss_deals_gross_pnl': -138360.0, 'loss_commission': 1613.74, 'loss_deals_pnl': -139973.74, 'loss_deal_pnl_avrg': -5383.605}, 'holdings_stats': {'gross_pnl': -26178.0, 'commission': 2611.48, 'pnl': -28789.48, 'long_gross_pnl': 6745.0, 'long_commission': 1252.32, 'long_pnl': 5492.68, 'short_gross_pnl': -32923.0, 'short_commission': 1359.16, 'short_pnl': -34282.16}}}}
# 1 from 5; {'stratagy_params': {'avg_price_period': 16, 'channel_period': 215}, 'stratagy_posSizer_params': {'mpr': 1.5}, 'stratagy_stats': {'total': {'koefs': {'win_rate': 0.39759, 'expected_payoff': 1479.219, 'expected_payoff_probability': 0.26179, 'breakeven': 0.65844, 'breakeven_tradeoff': -1.187, 'profit_factor': 1.435, 'APR': 0.2366036, 'DD_pct': 100286.80999999994, 'DD_pct_date': '2024-08-12 13:00:00', 'DD_pct_duration': '90 days', 'DD_pcr': 0.14521, 'DD_pcr_date': '2024-08-12 13:00:00', 'DD_pcr_duration': '90 days', 'APR/DD_factor': 1.629, 'recovery_factor': 1.224, 'sharp_ratio': 0.131, 'sortino_ratio': 0.17, 'var': -4284.379}, 'deals_stats': {'deals_count': 83, 'deals_gross_pnl': 130048.0, 'commission': 7272.29, 'deals_pnl': 122775.71, 'win_deals_count': 33, 'win_deals_gross_pnl': 408353.0, 'win_commission': 3053.9700000000003, 'win_deals_pnl': 405299.03, 'loss_deals_count': 50, 'loss_deals_gross_pnl': -278305.0, 'loss_commission': 4218.32, 'loss_deals_pnl': -282523.32, 'deal_pnl_avrg': 1479.225, 'deals_return': 0.12278, 'deals_return_avg': 0.00148, 'win_deal_pnl_avrg': 12281.789, 'loss_deal_pnl_avrg': -5650.466}, 'holdings_stats': {'gross_pnl': 130048.0, 'commission': 7272.29, 'pnl': 122775.71, 'long_gross_pnl': 3581.0, 'long_commission': 3586.59, 'long_pnl': -5.5900000000001455, 'short_gross_pnl': 126467.0, 'short_commission': 3685.7, 'short_pnl': 122781.3, 'duration': '189 days', 'start_date': '2024-03-14 09:00:00', 'last_bar_datetime': '2024-09-19 18:48:00'}}, 'Si-6.24.txt': {'koefs': {'win_rate': 0.45714, 'expected_payoff': 4973.348, 'expected_payoff_probability': 0.99273, 'breakeven': 2.17163, 'breakeven_tradeoff': 0.559, 'profit_factor': 2.829}, 'deals_stats': {'deals_count': 35, 'deals_gross_pnl': 177668.0, 'commission': 3598.62, 'deals_pnl': 174069.38, 'deal_pnl_avrg': 4973.411, 'deals_return': 0.34814, 'deals_return_avg': 0.00995, 'win_deals_count': 16, 'win_deals_gross_pnl': 271092.0, 'win_commission': 1837.05, 'win_deals_pnl': 269254.95, 'win_deal_pnl_avrg': 16828.434, 'loss_deals_count': 19, 'loss_deals_gross_pnl': -93424.0, 'loss_commission': 1761.57, 'loss_deals_pnl': -95185.57, 'loss_deal_pnl_avrg': -5009.767}, 'holdings_stats': {'gross_pnl': 177668.0, 'commission': 3598.62, 'pnl': 174069.38, 'long_gross_pnl': -7287.0, 'long_commission': 1793.75, 'long_pnl': -9080.75, 'short_gross_pnl': 184955.0, 'short_commission': 1804.87, 'short_pnl': 183150.13}}, 'Si-9.24.txt': {'koefs': {'win_rate': 0.35417, 'expected_payoff': -1068.571, 'expected_payoff_probability': -0.17682, 'breakeven': -0.49929, 'breakeven_tradeoff': -2.61, 'profit_factor': 0.726}, 'deals_stats': {'deals_count': 48, 'deals_gross_pnl': -47620.0, 'commission': 3673.67, 'deals_pnl': -51293.67, 'deal_pnl_avrg': -1068.618, 'deals_return': -0.10245, 'deals_return_avg': -0.00213, 'win_deals_count': 17, 'win_deals_gross_pnl': 137261.0, 'win_commission': 1216.92, 'win_deals_pnl': 136044.08, 'win_deal_pnl_avrg': 8002.593, 'loss_deals_count': 31, 'loss_deals_gross_pnl': -184881.0, 'loss_commission': 2456.75, 'loss_deals_pnl': -187337.75, 'loss_deal_pnl_avrg': -6043.153}, 'holdings_stats': {'gross_pnl': -47620.0, 'commission': 3673.67, 'pnl': -51293.67, 'long_gross_pnl': 10868.0, 'long_commission': 1792.84, 'long_pnl': 9075.16, 'short_gross_pnl': -58488.0, 'short_commission': 1880.83, 'short_pnl': -60368.83}}}}
# 3 from 5; {'stratagy_params': {'avg_price_period': 16, 'channel_period': 215}, 'stratagy_posSizer_params': {'mpr': 1.5}, 'stratagy_stats': {'total': {'koefs': {'win_rate': 0.39759, 'expected_payoff': 1479.219, 'expected_payoff_probability': 0.26179, 'breakeven': 0.65844, 'breakeven_tradeoff': -1.187, 'profit_factor': 1.435, 'APR': 0.2366036, 'DD_pct': 100286.80999999994, 'DD_pct_date': '2024-08-12 13:00:00', 'DD_pct_duration': '90 days', 'DD_pcr': 0.14521, 'DD_pcr_date': '2024-08-12 13:00:00', 'DD_pcr_duration': '90 days', 'APR/DD_factor': 1.629, 'recovery_factor': 1.224, 'sharp_ratio': 0.131, 'sortino_ratio': 0.17, 'var': -4284.379}, 'deals_stats': {'deals_count': 83, 'deals_gross_pnl': 130048.0, 'commission': 7272.29, 'deals_pnl': 122775.71, 'win_deals_count': 33, 'win_deals_gross_pnl': 408353.0, 'win_commission': 3053.9700000000003, 'win_deals_pnl': 405299.03, 'loss_deals_count': 50, 'loss_deals_gross_pnl': -278305.0, 'loss_commission': 4218.32, 'loss_deals_pnl': -282523.32, 'deal_pnl_avrg': 1479.225, 'deals_return': 0.12278, 'deals_return_avg': 0.00148, 'win_deal_pnl_avrg': 12281.789, 'loss_deal_pnl_avrg': -5650.466}, 'holdings_stats': {'gross_pnl': 130048.0, 'commission': 7272.29, 'pnl': 122775.71, 'long_gross_pnl': 3581.0, 'long_commission': 3586.59, 'long_pnl': -5.5900000000001455, 'short_gross_pnl': 126467.0, 'short_commission': 3685.7, 'short_pnl': 122781.3, 'duration': '189 days', 'start_date': '2024-03-14 09:00:00', 'last_bar_datetime': '2024-09-19 18:48:00'}}, 'Si-6.24.txt': {'koefs': {'win_rate': 0.45714, 'expected_payoff': 4973.348, 'expected_payoff_probability': 0.99273, 'breakeven': 2.17163, 'breakeven_tradeoff': 0.559, 'profit_factor': 2.829}, 'deals_stats': {'deals_count': 35, 'deals_gross_pnl': 177668.0, 'commission': 3598.62, 'deals_pnl': 174069.38, 'deal_pnl_avrg': 4973.411, 'deals_return': 0.34814, 'deals_return_avg': 0.00995, 'win_deals_count': 16, 'win_deals_gross_pnl': 271092.0, 'win_commission': 1837.05, 'win_deals_pnl': 269254.95, 'win_deal_pnl_avrg': 16828.434, 'loss_deals_count': 19, 'loss_deals_gross_pnl': -93424.0, 'loss_commission': 1761.57, 'loss_deals_pnl': -95185.57, 'loss_deal_pnl_avrg': -5009.767}, 'holdings_stats': {'gross_pnl': 177668.0, 'commission': 3598.62, 'pnl': 174069.38, 'long_gross_pnl': -7287.0, 'long_commission': 1793.75, 'long_pnl': -9080.75, 'short_gross_pnl': 184955.0, 'short_commission': 1804.87, 'short_pnl': 183150.13}}, 'Si-9.24.txt': {'koefs': {'win_rate': 0.35417, 'expected_payoff': -1068.571, 'expected_payoff_probability': -0.17682, 'breakeven': -0.49929, 'breakeven_tradeoff': -2.61, 'profit_factor': 0.726}, 'deals_stats': {'deals_count': 48, 'deals_gross_pnl': -47620.0, 'commission': 3673.67, 'deals_pnl': -51293.67, 'deal_pnl_avrg': -1068.618, 'deals_return': -0.10245, 'deals_return_avg': -0.00213, 'win_deals_count': 17, 'win_deals_gross_pnl': 137261.0, 'win_commission': 1216.92, 'win_deals_pnl': 136044.08, 'win_deal_pnl_avrg': 8002.593, 'loss_deals_count': 31, 'loss_deals_gross_pnl': -184881.0, 'loss_commission': 2456.75, 'loss_deals_pnl': -187337.75, 'loss_deal_pnl_avrg': -6043.153}, 'holdings_stats': {'gross_pnl': -47620.0, 'commission': 3673.67, 'pnl': -51293.67, 'long_gross_pnl': 10868.0, 'long_commission': 1792.84, 'long_pnl': 9075.16, 'short_gross_pnl': -58488.0, 'short_commission': 1880.83, 'short_pnl': -60368.83}}}}
# 2 from 5; {'stratagy_params': {'avg_price_period': 16, 'channel_period': 215}, 'stratagy_posSizer_params': {'mpr': 1.5}, 'stratagy_stats': {'total': {'koefs': {'win_rate': 0.39759, 'expected_payoff': 1479.219, 'expected_payoff_probability': 0.26179, 'breakeven': 0.65844, 'breakeven_tradeoff': -1.187, 'profit_factor': 1.435, 'APR': 0.2366036, 'DD_pct': 100286.80999999994, 'DD_pct_date': '2024-08-12 13:00:00', 'DD_pct_duration': '90 days', 'DD_pcr': 0.14521, 'DD_pcr_date': '2024-08-12 13:00:00', 'DD_pcr_duration': '90 days', 'APR/DD_factor': 1.629, 'recovery_factor': 1.224, 'sharp_ratio': 0.131, 'sortino_ratio': 0.17, 'var': -4284.379}, 'deals_stats': {'deals_count': 83, 'deals_gross_pnl': 130048.0, 'commission': 7272.29, 'deals_pnl': 122775.71, 'win_deals_count': 33, 'win_deals_gross_pnl': 408353.0, 'win_commission': 3053.9700000000003, 'win_deals_pnl': 405299.03, 'loss_deals_count': 50, 'loss_deals_gross_pnl': -278305.0, 'loss_commission': 4218.32, 'loss_deals_pnl': -282523.32, 'deal_pnl_avrg': 1479.225, 'deals_return': 0.12278, 'deals_return_avg': 0.00148, 'win_deal_pnl_avrg': 12281.789, 'loss_deal_pnl_avrg': -5650.466}, 'holdings_stats': {'gross_pnl': 130048.0, 'commission': 7272.29, 'pnl': 122775.71, 'long_gross_pnl': 3581.0, 'long_commission': 3586.59, 'long_pnl': -5.5900000000001455, 'short_gross_pnl': 126467.0, 'short_commission': 3685.7, 'short_pnl': 122781.3, 'duration': '189 days', 'start_date': '2024-03-14 09:00:00', 'last_bar_datetime': '2024-09-19 18:48:00'}}, 'Si-6.24.txt': {'koefs': {'win_rate': 0.45714, 'expected_payoff': 4973.348, 'expected_payoff_probability': 0.99273, 'breakeven': 2.17163, 'breakeven_tradeoff': 0.559, 'profit_factor': 2.829}, 'deals_stats': {'deals_count': 35, 'deals_gross_pnl': 177668.0, 'commission': 3598.62, 'deals_pnl': 174069.38, 'deal_pnl_avrg': 4973.411, 'deals_return': 0.34814, 'deals_return_avg': 0.00995, 'win_deals_count': 16, 'win_deals_gross_pnl': 271092.0, 'win_commission': 1837.05, 'win_deals_pnl': 269254.95, 'win_deal_pnl_avrg': 16828.434, 'loss_deals_count': 19, 'loss_deals_gross_pnl': -93424.0, 'loss_commission': 1761.57, 'loss_deals_pnl': -95185.57, 'loss_deal_pnl_avrg': -5009.767}, 'holdings_stats': {'gross_pnl': 177668.0, 'commission': 3598.62, 'pnl': 174069.38, 'long_gross_pnl': -7287.0, 'long_commission': 1793.75, 'long_pnl': -9080.75, 'short_gross_pnl': 184955.0, 'short_commission': 1804.87, 'short_pnl': 183150.13}}, 'Si-9.24.txt': {'koefs': {'win_rate': 0.35417, 'expected_payoff': -1068.571, 'expected_payoff_probability': -0.17682, 'breakeven': -0.49929, 'breakeven_tradeoff': -2.61, 'profit_factor': 0.726}, 'deals_stats': {'deals_count': 48, 'deals_gross_pnl': -47620.0, 'commission': 3673.67, 'deals_pnl': -51293.67, 'deal_pnl_avrg': -1068.618, 'deals_return': -0.10245, 'deals_return_avg': -0.00213, 'win_deals_count': 17, 'win_deals_gross_pnl': 137261.0, 'win_commission': 1216.92, 'win_deals_pnl': 136044.08, 'win_deal_pnl_avrg': 8002.593, 'loss_deals_count': 31, 'loss_deals_gross_pnl': -184881.0, 'loss_commission': 2456.75, 'loss_deals_pnl': -187337.75, 'loss_deal_pnl_avrg': -6043.153}, 'holdings_stats': {'gross_pnl': -47620.0, 'commission': 3673.67, 'pnl': -51293.67, 'long_gross_pnl': 10868.0, 'long_commission': 1792.84, 'long_pnl': 9075.16, 'short_gross_pnl': -58488.0, 'short_commission': 1880.83, 'short_pnl': -60368.83}}}}
# 4 from 5; {'stratagy_params': {'avg_price_period': 16, 'channel_period': 215}, 'stratagy_posSizer_params': {'mpr': 1.5}, 'stratagy_stats': {'total': {'koefs': {'win_rate': 0.39759, 'expected_payoff': 1479.219, 'expected_payoff_probability': 0.26179, 'breakeven': 0.65844, 'breakeven_tradeoff': -1.187, 'profit_factor': 1.435, 'APR': 0.2366036, 'DD_pct': 100286.80999999994, 'DD_pct_date': '2024-08-12 13:00:00', 'DD_pct_duration': '90 days', 'DD_pcr': 0.14521, 'DD_pcr_date': '2024-08-12 13:00:00', 'DD_pcr_duration': '90 days', 'APR/DD_factor': 1.629, 'recovery_factor': 1.224, 'sharp_ratio': 0.131, 'sortino_ratio': 0.17, 'var': -4284.379}, 'deals_stats': {'deals_count': 83, 'deals_gross_pnl': 130048.0, 'commission': 7272.29, 'deals_pnl': 122775.71, 'win_deals_count': 33, 'win_deals_gross_pnl': 408353.0, 'win_commission': 3053.9700000000003, 'win_deals_pnl': 405299.03, 'loss_deals_count': 50, 'loss_deals_gross_pnl': -278305.0, 'loss_commission': 4218.32, 'loss_deals_pnl': -282523.32, 'deal_pnl_avrg': 1479.225, 'deals_return': 0.12278, 'deals_return_avg': 0.00148, 'win_deal_pnl_avrg': 12281.789, 'loss_deal_pnl_avrg': -5650.466}, 'holdings_stats': {'gross_pnl': 130048.0, 'commission': 7272.29, 'pnl': 122775.71, 'long_gross_pnl': 3581.0, 'long_commission': 3586.59, 'long_pnl': -5.5900000000001455, 'short_gross_pnl': 126467.0, 'short_commission': 3685.7, 'short_pnl': 122781.3, 'duration': '189 days', 'start_date': '2024-03-14 09:00:00', 'last_bar_datetime': '2024-09-19 18:48:00'}}, 'Si-6.24.txt': {'koefs': {'win_rate': 0.45714, 'expected_payoff': 4973.348, 'expected_payoff_probability': 0.99273, 'breakeven': 2.17163, 'breakeven_tradeoff': 0.559, 'profit_factor': 2.829}, 'deals_stats': {'deals_count': 35, 'deals_gross_pnl': 177668.0, 'commission': 3598.62, 'deals_pnl': 174069.38, 'deal_pnl_avrg': 4973.411, 'deals_return': 0.34814, 'deals_return_avg': 0.00995, 'win_deals_count': 16, 'win_deals_gross_pnl': 271092.0, 'win_commission': 1837.05, 'win_deals_pnl': 269254.95, 'win_deal_pnl_avrg': 16828.434, 'loss_deals_count': 19, 'loss_deals_gross_pnl': -93424.0, 'loss_commission': 1761.57, 'loss_deals_pnl': -95185.57, 'loss_deal_pnl_avrg': -5009.767}, 'holdings_stats': {'gross_pnl': 177668.0, 'commission': 3598.62, 'pnl': 174069.38, 'long_gross_pnl': -7287.0, 'long_commission': 1793.75, 'long_pnl': -9080.75, 'short_gross_pnl': 184955.0, 'short_commission': 1804.87, 'short_pnl': 183150.13}}, 'Si-9.24.txt': {'koefs': {'win_rate': 0.35417, 'expected_payoff': -1068.571, 'expected_payoff_probability': -0.17682, 'breakeven': -0.49929, 'breakeven_tradeoff': -2.61, 'profit_factor': 0.726}, 'deals_stats': {'deals_count': 48, 'deals_gross_pnl': -47620.0, 'commission': 3673.67, 'deals_pnl': -51293.67, 'deal_pnl_avrg': -1068.618, 'deals_return': -0.10245, 'deals_return_avg': -0.00213, 'win_deals_count': 17, 'win_deals_gross_pnl': 137261.0, 'win_commission': 1216.92, 'win_deals_pnl': 136044.08, 'win_deal_pnl_avrg': 8002.593, 'loss_deals_count': 31, 'loss_deals_gross_pnl': -184881.0, 'loss_commission': 2456.75, 'loss_deals_pnl': -187337.75, 'loss_deal_pnl_avrg': -6043.153}, 'holdings_stats': {'gross_pnl': -47620.0, 'commission': 3673.67, 'pnl': -51293.67, 'long_gross_pnl': 10868.0, 'long_commission': 1792.84, 'long_pnl': 9075.16, 'short_gross_pnl': -58488.0, 'short_commission': 1880.83, 'short_pnl': -60368.83}}}}
# 5 from 5; {'stratagy_params': {'avg_price_period': 16, 'channel_period': 215}, 'stratagy_posSizer_params': {'mpr': 1.5}, 'stratagy_stats': {'total': {'koefs': {'win_rate': 0.39759, 'expected_payoff': 1479.219, 'expected_payoff_probability': 0.26179, 'breakeven': 0.65844, 'breakeven_tradeoff': -1.187, 'profit_factor': 1.435, 'APR': 0.2366036, 'DD_pct': 100286.80999999994, 'DD_pct_date': '2024-08-12 13:00:00', 'DD_pct_duration': '90 days', 'DD_pcr': 0.14521, 'DD_pcr_date': '2024-08-12 13:00:00', 'DD_pcr_duration': '90 days', 'APR/DD_factor': 1.629, 'recovery_factor': 1.224, 'sharp_ratio': 0.131, 'sortino_ratio': 0.17, 'var': -4284.379}, 'deals_stats': {'deals_count': 83, 'deals_gross_pnl': 130048.0, 'commission': 7272.29, 'deals_pnl': 122775.71, 'win_deals_count': 33, 'win_deals_gross_pnl': 408353.0, 'win_commission': 3053.9700000000003, 'win_deals_pnl': 405299.03, 'loss_deals_count': 50, 'loss_deals_gross_pnl': -278305.0, 'loss_commission': 4218.32, 'loss_deals_pnl': -282523.32, 'deal_pnl_avrg': 1479.225, 'deals_return': 0.12278, 'deals_return_avg': 0.00148, 'win_deal_pnl_avrg': 12281.789, 'loss_deal_pnl_avrg': -5650.466}, 'holdings_stats': {'gross_pnl': 130048.0, 'commission': 7272.29, 'pnl': 122775.71, 'long_gross_pnl': 3581.0, 'long_commission': 3586.59, 'long_pnl': -5.5900000000001455, 'short_gross_pnl': 126467.0, 'short_commission': 3685.7, 'short_pnl': 122781.3, 'duration': '189 days', 'start_date': '2024-03-14 09:00:00', 'last_bar_datetime': '2024-09-19 18:48:00'}}, 'Si-6.24.txt': {'koefs': {'win_rate': 0.45714, 'expected_payoff': 4973.348, 'expected_payoff_probability': 0.99273, 'breakeven': 2.17163, 'breakeven_tradeoff': 0.559, 'profit_factor': 2.829}, 'deals_stats': {'deals_count': 35, 'deals_gross_pnl': 177668.0, 'commission': 3598.62, 'deals_pnl': 174069.38, 'deal_pnl_avrg': 4973.411, 'deals_return': 0.34814, 'deals_return_avg': 0.00995, 'win_deals_count': 16, 'win_deals_gross_pnl': 271092.0, 'win_commission': 1837.05, 'win_deals_pnl': 269254.95, 'win_deal_pnl_avrg': 16828.434, 'loss_deals_count': 19, 'loss_deals_gross_pnl': -93424.0, 'loss_commission': 1761.57, 'loss_deals_pnl': -95185.57, 'loss_deal_pnl_avrg': -5009.767}, 'holdings_stats': {'gross_pnl': 177668.0, 'commission': 3598.62, 'pnl': 174069.38, 'long_gross_pnl': -7287.0, 'long_commission': 1793.75, 'long_pnl': -9080.75, 'short_gross_pnl': 184955.0, 'short_commission': 1804.87, 'short_pnl': 183150.13}}, 'Si-9.24.txt': {'koefs': {'win_rate': 0.35417, 'expected_payoff': -1068.571, 'expected_payoff_probability': -0.17682, 'breakeven': -0.49929, 'breakeven_tradeoff': -2.61, 'profit_factor': 0.726}, 'deals_stats': {'deals_count': 48, 'deals_gross_pnl': -47620.0, 'commission': 3673.67, 'deals_pnl': -51293.67, 'deal_pnl_avrg': -1068.618, 'deals_return': -0.10245, 'deals_return_avg': -0.00213, 'win_deals_count': 17, 'win_deals_gross_pnl': 137261.0, 'win_commission': 1216.92, 'win_deals_pnl': 136044.08, 'win_deal_pnl_avrg': 8002.593, 'loss_deals_count': 31, 'loss_deals_gross_pnl': -184881.0, 'loss_commission': 2456.75, 'loss_deals_pnl': -187337.75, 'loss_deal_pnl_avrg': -6043.153}, 'holdings_stats': {'gross_pnl': -47620.0, 'commission': 3673.67, 'pnl': -51293.67, 'long_gross_pnl': 10868.0, 'long_commission': 1792.84, 'long_pnl': 9075.16, 'short_gross_pnl': -58488.0, 'short_commission': 1880.83, 'short_pnl': -60368.83}}}}
